theme,count
TAX_WORLDLANGUAGES_CHIPPEWA,11312
EPU_ECONOMY_HISTORIC,5096
USPEC_POLITICS_GENERAL1,4830
LEADER,4356
TAX_FNCACT_PRESIDENT,4249
GENERAL_GOVERNMENT,3464
TAX_WORLDLANGUAGES_CHINESE,3463
TAX_ETHNICITY_CHINESE,3449
CRISISLEX_CRISISLEXREC,3097
,3084
WB_2432_FRAGILITY_CONFLICT_AND_VIOLENCE,3032
GENERAL_HEALTH,2959
MILITARY,2890
EPU_POLICY_GOVERNMENT,2866
WB_621_HEALTH_NUTRITION_AND_POPULATION,2781
MANMADE_DISASTER_IMPLIED,2621
BORDER,2602
ARMEDCONFLICT,2583
WB_507_ENERGY_AND_EXTRACTIVES,2449
CRISISLEX_C07_SAFETY,2437
WB_2433_CONFLICT_AND_VIOLENCE,2306
EDUCATION,2167
WB_1699_METAL_ORE_MINING,2114
WB_895_MINING_SYSTEMS,2114
UNGP_FORESTS_RIVERS_OCEANS,2044
WB_2936_GOLD,1986
ENV_METALS,1926
WB_635_PUBLIC_HEALTH,1923
UNGP_HEALTHCARE,1855
TAX_FNCACT_WOMEN,1638
ARREST,1605
AFFECT,1578
WB_696_PUBLIC_SECTOR_MANAGEMENT,1477
TAX_ETHNICITY_INDIAN,1473
EPU_POLICY_POLITICAL,1418
KILL,1397
MEDICAL,1324
EPU_CATS_NATIONAL_SECURITY,1311
TAX_ETHNICITY_THAI,1306
TAX_FNCACT_MAN,1260
WB_133_INFORMATION_AND_COMMUNICATION_TECHNOLOGIES,1247
CRISISLEX_T03_DEAD,1219
CRISISLEX_T02_INJURED,1217
TAX_WORLDLANGUAGES_RAKHINE,1199
UNGP_CRIME_VIOLENCE,1197
TAX_ETHNICITY_RAKHINE,1196
WB_135_TRANSPORT,1185
WB_678_DIGITAL_GOVERNMENT,1164
CRISISLEX_C03_WELLBEING_HEALTH,1136
TAX_WORLDMAMMALS_HUMAN,1091
EPU_ECONOMY,1082
WB_2470_PEACE_OPERATIONS_AND_CONFLICT_MANAGEMENT,1072
WB_840_JUSTICE,1017
WB_694_BROADCAST_AND_MEDIA,1007
SECURITY_SERVICES,977
EPU_CATS_MIGRATION_FEAR_FEAR,976
TAX_FNCACT_AUTHORITIES,965
EPU_POLICY_AUTHORITIES,960
WB_1921_PRIVATE_SECTOR_DEVELOPMENT,932
TAX_FNCACT_MINISTER,914
SOC_GENERALCRIME,912
TAX_WORLDLANGUAGES_BURMA,901
WB_1803_TRANSPORT_INFRASTRUCTURE,899
LEGISLATION,894
USPEC_POLICY1,891
WB_2203_HUMAN_RIGHTS,872
WB_470_EDUCATION,865
EPU_POLICY_LAW,843
TAX_ECON_PRICE,839
TAX_FNCACT_POLICE,837
TAX_ETHNICITY_ROHINGYA,831
TAX_WORLDMAMMALS_DRILL,825
TAX_FNCACT_CHILDREN,824
CRISISLEX_T11_UPDATESSYMPATHY,805
TAX_WORLDLANGUAGES_BURMESE,803
WB_698_TRADE,775
WB_2445_NON_STATE_SECURITY_ACTORS,770
MEDIA_MSM,765
WB_134_SOCIAL_DEVELOPMENT,758
WB_2490_NATIONAL_PROTECTION_AND_SECURITY,754
TAX_FNCACT_LEADER,750
WB_831_GOVERNANCE,737
SELF_IDENTIFIED_HUMAN_RIGHTS,732
TERROR,731
TAX_FNCACT_OFFICIAL,718
WB_1331_HEALTH_TECHNOLOGIES,715
WB_137_WATER,713
WB_1350_PHARMACEUTICALS,709
SEIZE,699
TAX_FNCACT_OFFICIALS,694
WB_2495_DETENTION_PRISON_AND_CORRECTIONS_REFORM,694
TAX_FNCACT_WORKERS,692
WB_1014_CRIMINAL_JUSTICE,682
CRISISLEX_T01_CAUTION_ADVICE,681
WB_2453_ORGANIZED_CRIME,669
TAX_WORLDREPTILES_SNAKE,650
DEMOCRACY,649
WB_2670_JOBS,648
WB_832_ANTI_CORRUPTION,648
TAX_DISEASE_COVID_19,645
TAX_FNCACT_VICE_PRESIDENT,639
WOUND,630
TAX_FNCACT_CHIEF,623
TAX_WORLDLANGUAGES_RUSSIA,613
TAX_FNCACT_SOLDIERS,571
ENV_SOLAR,564
WB_2456_DRUGS_AND_NARCOTICS,560
ELECTION,556
REFUGEES,542
EPU_CATS_MIGRATION_FEAR_MIGRATION,541
REBELLION,534
MOVEMENT_GENERAL,533
ENV_MINING,529
TAX_FNCACT_DIRECTOR,525
WB_346_COMPETITIVE_INDUSTRIES,512
SOC_POINTSOFINTEREST_SCHOOL,509
TAX_MILITARY_TITLE_SOLDIERS,508
TAX_FNCACT_SECRETARY,506
WB_2462_POLITICAL_VIOLENCE_AND_WAR,506
WB_2451_REBELS_GUERRILLAS_AND_INSURGENTS,502
TAX_ETHNICITY_ASIAN,502
DISPLACED,495
TAX_FNCACT_CITIZENS,489
TAX_FNCACT_STUDENTS,486
CRISISLEX_T08_MISSINGFOUNDTRAPPEDPEOPLE,470
SOC_POINTSOFINTEREST_PRISON,469
TAX_FNCACT_VICTIMS,468
WB_738_SOCIAL_COHESION,461
TAX_ETHNICITY_AMERICAN,460
WB_818_INDUSTRY_POLICY_AND_REAL_SECTORS,451
CORRUPTION,450
MARITIME,443
CRISISLEX_T04_INFRASTRUCTURE,443
WB_405_BUSINESS_CLIMATE,442
ALLIANCE,441
WB_1406_DISEASES,441
WB_1467_EDUCATION_FOR_ALL,440
WB_2530_BUSINESS_ENVIRONMENT,439
WB_2531_INSPECTIONS_LICENSING_AND_PERMITS,436
WB_2131_EMPLOYABILITY_SKILLS_AND_JOBS,429
WB_1484_EDUCATION_SKILLS_DEVELOPMENT_AND_LABOR_MARKET,429
TAX_ETHNICITY_KACHIN,427
TAX_WORLDLANGUAGES_KACHIN,427
TRIAL,422
TAX_FNCACT_LEADERS,416
WB_2024_ANTI_CORRUPTION_AUTHORITIES,408
CRISISLEX_C04_LOGISTICS_TRANSPORT,405
WB_435_AGRICULTURE_AND_FOOD_SECURITY,402
TAX_FNCACT_SPOKESPERSON,396
USPEC_UNCERTAINTY1,394
EPU_POLICY_POLICY,393
SOC_POINTSOFINTEREST_UNIVERSITY,392
WB_2507_HUMAN_RIGHTS_ABUSES_AND_VIOLATIONS,389
WB_2025_INVESTIGATION,385
SOC_POINTSOFINTEREST_HOSPITAL,378
TAX_WORLDLANGUAGES_ENGLISH,374
UNGP_POLITICAL_FREEDOMS,374
MEDIA_SOCIAL,373
WB_697_SOCIAL_PROTECTION_AND_LABOR,373
WB_739_POLITICAL_VIOLENCE_AND_CIVIL_WAR,372
TAX_FOODSTAPLES_RICE,372
TAX_FNCACT_GUARD,369
ENV_OIL,368
PUBLIC_TRANSPORT,363
AGRICULTURE,359
WB_421_SOCIAL_INCLUSION,358
TAX_ETHNICITY_ENGLISH,356
WB_933_ETHNIC_RELIGIOUS_AND_OTHER_MINORITIES,354
TAX_FNCACT_CRIMINAL,354
PROTEST,352
TAX_FNCACT_WOMAN,351
RELIGION,345
TAX_FNCACT_EXECUTIVE,343
TAX_FNCACT_TROOPS,342
WB_1427_NON_COMMUNICABLE_DISEASE_AND_INJURY,335
TOURISM,327
TAX_FNCACT_PRIME_MINISTER,324
DELAY,322
UNREST_CRACKDOWN,322
WB_2165_HEALTH_EMERGENCIES,321
SCIENCE,317
SHORTAGE,313
MARITIME_INCIDENT,310
WB_2167_PANDEMICS,307
WB_2166_HEALTH_EMERGENCY_PREPAREDNESS_AND_DISASTER_RESPONSE,307
WB_825_TOURISM,299
TAX_RELIGION_CHURCH,298
POLITICAL_PRISONER,294
WB_167_PORTS,294
WB_2020_BRIBERY_FRAUD_AND_COLLUSION,286
WB_2019_ANTI_CORRUPTION_LEGISLATION,286
TAX_FNCACT_ACTOR,285
TAKE_OFFICE,282
TAX_WORLDCRUSTACEANS_CRAB,282
WB_1804_AIRPORTS,277
SOC_POINTSOFINTEREST_AIRPORT,276
SOC_INNOVATION,274
WB_2448_MILITIA,274
TAX_FNCACT_OFFICER,272
TAX_FNCACT_FATHER,271
TAX_FNCACT_CEO,270
WB_1458_HEALTH_PROMOTION_AND_DISEASE_PREVENTION,270
WB_723_PUBLIC_ADMINISTRATION,266
TAX_RELIGION_BUDDHIST,264
TAX_ETHNICITY_BUDDHIST,261
SELF_IDENTIFIED_ATROCITY,254
TAX_WORLDLANGUAGES_KAYIN,252
DRUG_TRADE,251
WB_166_RAILWAYS,251
WB_658_ENTERPRISE_APPLICATIONS,249
WB_652_ICT_APPLICATIONS,249
GOV_REPATRIATION,248
WB_662_SOCIAL_MEDIA,246
TAX_ETHNICITY_LAOS,245
WB_2471_PEACEKEEPING,244
TAX_WORLDLANGUAGES_CZECH,242
DISASTER_FIRE,242
TAX_ETHNICITY_CZECH,242
DRONES,237
TAX_WORLDLANGUAGES_RUSSIAN,236
TAX_ETHNICITY_RUSSIAN,236
TAX_WEAPONS_ARTILLERY,235
WB_724_HUMAN_RESOURCES_FOR_PUBLIC_SECTOR,234
WB_2465_REVOLUTIONARY_VIOLENCE,233
TAX_FNCACT_ANALYSTS,233
TAX_FNCACT_EMPLOYEES,231
BAN,230
TAX_ETHNICITY_AUSTRALIAN,230
CONFISCATION,230
TAX_MILITARY_TITLE_OFFICER,229
WB_2048_COMPENSATION_CAREERS_AND_INCENTIVES,228
UNREST_BELLIGERENT,228
TAX_FNCACT_DOCTORS,228
TAX_ETHNICITY_BLACK,227
REBELS,226
GEN_HOLIDAY,223
URBAN,223
WB_2458_HUMAN_TRAFFICKING,222
TAX_WORLDFISH_FISH,221
CRISISLEX_C05_NEED_OF_SHELTERS,216
WB_539_OIL_AND_GAS_POLICY_STRATEGY_AND_INSTITUTIONS,216
WB_548_PPP_IN_OIL_AND_GAS,213
TAX_ETHNICITY_JAPANESE,213
TAX_WORLDLANGUAGES_JAPANESE,212
WB_2473_DIPLOMACY_AND_NEGOTIATIONS,212
SOC_POINTSOFINTEREST_SCHOOLS,211
TAX_FNCACT_OFFICERS,210
EPU_POLICY_CONGRESS,209
WB_695_POVERTY,208
EPU_CATS_REGULATION,207
TAX_DISEASE_GAMBLING,207
WB_1920_FINANCIAL_SECTOR_DEVELOPMENT,204
WB_566_ENVIRONMENT_AND_NATURAL_RESOURCES,202
WB_855_LABOR_MARKETS,200
CRIME_ILLEGAL_DRUGS,199
FOOD_SECURITY,199
TAX_WORLDLANGUAGES_BRUNEI,198
HUMAN_TRAFFICKING,198
WB_1428_INJURY,196
EPU_CATS_TAXES,194
WB_2468_CONVENTIONAL_WAR,194
ECON_STOCKMARKET,191
WB_2769_JOBS_STRATEGIES,190
SOC_POINTSOFINTEREST_HEADQUARTERS,189
WB_525_RENEWABLE_ENERGY,189
TAX_WEAPONS_BOMBS,185
CRISISLEX_O02_RESPONSEAGENCIESATCRISIS,184
TAX_RELIGION_ISLAMIC,183
TAX_FNCACT_VILLAGERS,183
TAX_FNCACT_MANAGER,182
TAX_FNCACT_CHEF,181
WB_1466_SOCIAL_ASSISTANCE,180
SEIGE,179
TAX_WORLDMAMMALS_LION,177
SLFID_ECONOMIC_DEVELOPMENTAID,176
TAX_FNCACT_PRIEST,176
EPU_POLICY_TAX,175
WB_1462_WATER_SANITATION_AND_HYGIENE,175
CEASEFIRE,175
TAX_FNCACT_REPRESENTATIVE,174
TAX_FNCACT_CHAIRMAN,174
ECON_TAXATION,174
TAX_RELIGION_CATHOLIC,172
SANCTIONS,172
HEALTH_PANDEMIC,171
SOC_SLAVERY,171
TAX_FNCACT_DEPUTY,170
WB_2689_JOBS_DIAGNOSTICS,168
WB_2836_MIGRATION_POLICIES_AND_JOBS,168
TAX_FNCACT_ACTIVISTS,167
WB_286_TELECOMMUNICATIONS_AND_BROADBAND_ACCESS,165
TAX_FNCACT_ARTISTS,164
UNGP_FREEDOM_FROM_DISCRIMINATION,163
TAX_MILITARY_TITLE_OFFICERS,163
RURAL,163
WB_1979_NATURAL_RESOURCE_MANAGEMENT,162
WB_590_ECOSYSTEMS,162
WB_2509_GENOCIDE,161
TAX_WEAPONS_LANDMINES,161
TAX_FNCACT_DRIVER,160
INSURGENCY,160
WB_1986_MOUNTAINS,159
TAX_WORLDLANGUAGES_MAUNG,158
TAX_ETHNICITY_AMERICANS,157
WB_1668_LABOR_STANDARDS,156
TAX_FNCACT_POPE,156
TAX_FNCACT_STUDENT,155
DISCRIMINATION,155
TAX_FNCACT_REPRESENTATIVES,154
SELF_IDENTIFIED_HUMANITARIAN_CRISIS,153
WB_667_ICT_INFRASTRUCTURE,152
RECRUITMENT,150
WB_471_ECONOMIC_GROWTH,148
APPOINTMENT,147
IMMIGRATION,147
TAX_FNCACT_WORKER,147
TAX_FNCACT_AMBASSADOR,145
WB_528_SOLAR_ENERGY,144
WB_1281_MANUFACTURING,143
WB_1777_FORESTS,143
WATER_SECURITY,143
TAX_FNCACT_SPOKESMAN,143
NEGOTIATIONS,143
CRISISLEX_O01_WEATHER,142
LANDMINE,141
TAX_FNCACT_EMPLOYEE,141
POVERTY,141
WB_699_URBAN_DEVELOPMENT,141
CONSTITUTIONAL,140
RELEASE_HOSTAGE,140
TAX_ETHNICITY_NAGA,137
TAX_ETHNICITY_INDIANS,136
ORGANIZED_CRIME,135
TAX_TERROR_GROUP_LIBERATION_ARMY,133
TAX_RELIGION_MUSLIM,131
AID_HUMANITARIAN,131
TAX_ETHNICITY_MUSLIM,131
TAX_FNCACT_WRITER,130
TAX_WORLDLANGUAGES_INDONESIANS,130
TAX_RELIGION_MUSLIMS,130
TAX_ETHNICITY_INDONESIANS,130
TAX_FNCACT_TEACHER,130
TAX_FNCACT_FISHERMEN,130
TAX_ETHNICITY_MUSLIMS,130
KIDNAP,128
TAX_ETHNICITY_THAIS,127
TAX_FNCACT_CHILD,127
TAX_FNCACT_DOCTOR,127
WB_2837_IMMIGRATION,127
SLFID_DICTATORSHIP,126
CHECKPOINT,126
UNREST_CHECKPOINT,126
WB_2452_GANGS,126
WB_2299_PIPELINES,124
TAX_FNCACT_COMMUNIST,124
WB_1809_HIGHWAYS,124
WB_168_ROADS_AND_HIGHWAYS,124
WB_328_FINANCIAL_INTEGRITY,123
WB_936_ALTERNATIVE_DISPUTE_RESOLUTION,122
WB_843_DISPUTE_RESOLUTION,122
TAX_FNCACT_KING,121
TAX_FNCACT_TOURISTS,119
NATURAL_DISASTER_ICE,118
TAX_FNCACT_CARDINAL,118
TAX_FNCACT_AUTHOR,117
TAX_ETHNICITY_CHRISTIAN,117
EPU_POLICY_REGULATORY,115
WB_368_LEASING,114
CRISISLEX_C06_WATER_SANITATION,113
ECON_DEVELOPMENTORGS_USAID,113
TAX_FNCACT_JOURNALIST,113
ECON_ENTREPRENEURSHIP,113
TAX_FNCACT_ARTIST,112
TAX_FNCACT_PRODUCER,112
MEDIA_CENSORSHIP,112
TAX_FNCACT_SUPPORTERS,112
TAX_TERROR_GROUP_NATIONAL_LIBERATION_ARMY,112
WB_2082_LAW_ENFORCEMENT,111
POLITICAL_TURMOIL,111
TAX_TERROR_GROUP_PEOPLE_DEFENSE_FORCE,110
POWER_OUTAGE,109
SOC_EXPRESSREGRET,109
TAX_RELIGION_CHRISTIAN,108
WB_2480_POST_CONFLICT_RECONSTRUCTION,108
TAX_FNCACT_SINGER,108
TAX_FNCACT_FOUNDER,107
WB_939_NEGOTIATION,105
CRISISLEX_T09_DISPLACEDRELOCATEDEVACUATED,105
TAX_WEAPONS_BOMB,105
PERSECUTION,105
TAX_ETHNICITY_INDIGENOUS,105
ENV_COAL,104
WB_2488_POPULATION_RESETTLEMENT,104
TAX_FNCACT_INSURGENT,104
WB_669_SOFTWARE_INFRASTRUCTURE,104
UNGP_AFFORDABLE_NUTRITIOUS_FOOD,104
ETH_INDIGINOUS,104
WB_1160_SHOCKS_AND_VULNERABILITY,103
IDEOLOGY,103
WB_1669_FORCED_LABOR,102
EPU_POLICY_BUDGET,102
WB_1609_FOOD_AND_IN_KIND_TRANSFERS,102
UNGP_CLEAN_WATER_SANITATION,101
WB_164_MODES_OF_TRANSPORT,101
JUSTICE,100
WB_2298_REFINERIES,99
TAX_FNCACT_GENERALS,99
TAX_ETHNICITY_ROHINGYAS,98
TAX_FNCACT_PILOT,97
TAX_FNCACT_COOK,97
EPU_UNCERTAINTY,97
WB_1618_FOOD_DISTRIBUTION,96
WB_1104_MACROECONOMIC_VULNERABILITY_AND_DEBT,96
TAX_FNCACT_NAVY,96
WB_2482_RECONCILIATION,96
WB_2519_RESPONSES_TO_HUMAN_RIGHTS_ABUSES,96
SMUGGLING,96
WB_1620_ELDERLY,95
WB_1464_HEALTH_OF_THE_DISABLED,95
WB_1078_DETERMINANTS_OF_GROWTH,95
WB_2512_TORTURE,94
TAX_FNCACT_BISHOP,94
WB_2937_SILVER,94
WB_2945_DATABASE,93
TORTURE,93
TAX_FNCACT_PRINCESS,92
MANMADE_DISASTER_POWER_OUTAGES,92
CRISISLEX_T07_SERVICESNEEDEDOFFERED,92
UNGP_JOB_OPPORTUNITIES_EMPLOYMENT,92
SANITATION,91
CYBER_ATTACK,90
WB_1967_AGRICULTURAL_RISK_AND_SECURITY,90
TAX_MILITARY_TITLE_SENIOR_GENERAL,90
TAX_WEAPONS_LANDMINE,89
WB_165_AIR_TRANSPORT,89
WB_2510_WAR_CRIMES,89
TAX_FNCACT_COMMANDER,89
EPU_CATS_HEALTHCARE,89
SOC_POINTSOFINTEREST_HOSPITALS,88
WB_742_YOUTH_AND_GENDER_BASED_VIOLENCE,88
TRANSPARENCY,87
TAX_ETHNICITY_CANADIAN,87
TAX_FNCACT_ADMINISTRATOR,87
TRAFFIC,86
SOC_POINTSOFINTEREST_COLLEGE,85
TAX_FNCACT_ACCOUNTANT,85
SOC_POINTSOFINTEREST_MILITARY_BASE,84
TAX_FNCACT_PROSECUTORS,84
TAX_FNCACT_MANAGING_DIRECTOR,84
WB_2513_CRIMES_AGAINST_HUMANITY,84
WB_772_TRADE_FACILITATION_AND_LOGISTICS,83
TAX_FNCACT_CHIEF_EXECUTIVE,83
TAX_WORLDLANGUAGES_KONYAK,83
STATE_OF_EMERGENCY,83
WB_2601_TRADE_LINKAGES_SPILLOVERS_AND_CONNECTIVITY,82
TAX_AIDGROUPS_AMNESTY_INTERNATIONAL,82
TAX_ETHNICITY_BENGALI,81
TAX_FNCACT_FARMERS,81
TAX_WORLDLANGUAGES_BENGALI,81
TAX_WORLDLANGUAGES_LATIN,81
TAX_FNCACT_ANALYST,81
TAX_FNCACT_CITIZEN,81
WB_2665_REFUGEE_RESETTLEMENT,81
TAX_MILITARY_TITLE_COMMANDER,81
TAX_FNCACT_DIRECTORS,80
WB_288_TELECOMMUNICATIONS_SECTOR_POLICY_AND_REGULATION,80
WB_797_NATIONAL_URBAN_POLICIES,80
ECON_WORLDCURRENCIES_DOLLARS,80
TAX_FNCACT_GEOLOGIST,80
RAPE,79
WB_337_INSURANCE,79
WB_1973_FINANCIAL_RISK_REDUCTION,79
SOC_REFUGEECAMP,79
TAX_DISEASE_DISEASES,79
TAX_WORLDMAMMALS_BEAR,79
WB_845_LEGAL_AND_REGULATORY_FRAMEWORK,79
WB_1079_COMMODITIES_AND_RESOURCES,78
ECON_WORLDCURRENCIES_DOLLAR,78
ECON_DEVELOPMENTORGS_WORLD_BANK,78
WB_1949_CLIMATE_SMART_AGRICULTURE,78
TAX_FNCACT_COMPTROLLER,77
WB_866_CONNECTIVITY_AND_LAGGING_REGIONS,77
TAX_FNCACT_RESEARCHER,77
TAX_FNCACT_VICTIM,77
NATURAL_DISASTER_EARTHQUAKE,77
SLFID_MINERAL_RESOURCES,76
UNGP_GENDER_EQUALITY,76
TAX_FNCACT_BOSSES,75
TAX_POLITICAL_PARTY_NATIONAL_DEMOCRATIC_ALLIANCE,75
TAX_WORLDLANGUAGES_METTA,75
WB_1603_FEE_WAIVERS,74
WB_1608_CASH_TRANSFERS,74
WB_1606_SCHOLARSHIPS,74
TAX_FNCACT_BOSS,74
ECON_CURRENCY_EXCHANGE_RATE,73
TAX_FNCACT_EXECUTIVE_OFFICER,73
TAX_WORLDLANGUAGES_MINDAT,72
TAX_FNCACT_SPECIALIST,72
TAX_WORLDLANGUAGES_VIETNAMESE,72
TAX_WORLDLANGUAGES_KAYAH,72
MARITIME_PIRACY,71
TAX_FNCACT_CHIEF_EXECUTIVE_OFFICER,71
MOVEMENT_OTHER,71
WB_856_WAGES,71
TAX_WORLDLANGUAGES_INDONESIAN,71
WB_2725_CATEGORIES_OF_WORKERS,71
TAX_FNCACT_INSURGENTS,70
TAX_WORLDMAMMALS_DRILLS,70
WB_2745_JOB_QUALITY_AND_LABOR_MARKET_PERFORMANCE,70
EXILE,70
TAX_DISEASE_DISEASE,70
WB_862_GROWTH_POLES_AND_ECONOMIC_ZONES,70
WB_1654_ACTIVE_LABOR_MARKET_POLICIES,69
TAX_DISEASE_STARVATION,69
TAX_FNCACT_GUITARIST,68
SLFID_NATURAL_RESOURCES,68
TAX_FNCACT_CONSCRIPTS,68
TAX_ETHNICITY_INDONESIAN,68
WB_2329_ACCESS_AND_CONNECTIVITY,68
WB_2120_SATELLITES,68
TAX_FNCACT_TOURIST,67
WB_450_DEBT,67
ENV_HYDRO,67
GENDER_VIOLENCE,67
WB_2729_MIGRANT_WORKERS,66
SOC_POINTSOFINTEREST_HIGH_SCHOOL,66
TAX_FNCACT_MIGRANT_WORKERS,66
HUMAN_RIGHTS_ABUSES_TORTURED,66
TAX_ETHNICITY_VIETNAMESE,66
WB_527_HYDROPOWER,64
TAX_WORLDCRUSTACEANS_SHRIMP,64
WB_2179_AGRIBUSINESS,64
WB_1058_AGRIBUSINESS,64
TAX_FNCACT_PILOTS,63
TAX_FNCACT_BROKER,63
WB_1174_WAREHOUSING_AND_STORAGE,63
TAX_FOODSTAPLES_MEAT,63
WB_793_TRANSPORT_AND_LOGISTICS_SERVICES,63
WB_2511_SLAVERY,62
SOC_POINTSOFINTEREST_POLICE_STATION,62
DEFECTION,62
WB_177_ANIMAL_PRODUCTION,62
TAX_WORLDMAMMALS_TIGERS,61
TAX_FNCACT_PERFORMER,61
WB_290_TELECOMMUNICATIONS_ORGANIZATIONAL_DESIGN,61
TAX_FNCACT_FOREIGN_MINISTER,61
SOC_POINTSOFINTEREST_JAIL,61
TAX_ETHNICITY_ARAB,60
TAX_ETHNICITY_FRENCH,60
TAX_FNCACT_SUPERVISORS,60
ECON_HOUSING_PRICES,60
WB_2492_COUNTER_TERRORISM,60
TAX_WORLDLANGUAGES_FRENCH,60
ENV_NATURALGAS,59
TAX_TERROR_GROUP_PEOPLE_DEFENSE_FORCES,59
TAX_ETHNICITY_PORTUGUESE,59
ECON_DEBT,59
TAX_FNCACT_PROFESSOR,59
WB_775_TRADE_POLICY_AND_INTEGRATION,59
TAX_FOODSTAPLES_MILK,59
TAX_FNCACT_MINISTERS,59
TAX_WORLDMAMMALS_DOG,59
TAX_WORLDLANGUAGES_PORTUGUESE,59
ACT_HARMTHREATEN,59
TAX_ETHNICITY_KOREAN,58
TAX_WORLDLANGUAGES_KOREAN,58
EXTREMISM,58
TAX_POLITICAL_PARTY_SOCIALIST_PARTY,58
HUMAN_RIGHTS_ABUSES_BEATINGS,58
WB_2934_COPPER,58
HUMAN_RIGHTS_ABUSES_HUMAN_RIGHTS_ABUSES,58
SOC_POINTSOFINTEREST_REFUGEE_CAMPS,58
TAX_FNCACT_COLONEL,58
TAX_MILITARY_TITLE_COLONEL,58
TAX_ETHNICITY_IRANIAN,58
WB_2748_EMPLOYMENT,57
TAX_ETHNICITY_GERMAN,57
TAX_WORLDFISH_SHINER,57
EPU_POLICY_SPENDING,57
WB_962_INTERNATIONAL_LAW,57
WB_670_ICT_SECURITY,57
ENV_GREEN,56
RESIGNATION,56
TAX_WORLDLANGUAGES_GERMAN,56
TAX_FNCACT_DRIVERS,56
TAX_FNCACT_ASSISTANT,56
TAX_FNCACT_INVESTOR,56
ECON_DEVELOPMENTORGS_INTERNATIONAL_ORGANIZATION_FOR_MIGRATION,56
TAX_AIDGROUPS_INTERNATIONAL_ORGANIZATION_FOR_MIGRATION,56
TAX_FNCACT_CHAMPION,55
EPU_CATS_ENTITLEMENT_PROGRAMS,55
HUMAN_RIGHTS_ABUSES_ELECTRIC_SHOCKS,54
TAX_FNCACT_EDITOR,54
TAX_FNCACT_LABORERS,54
TAX_WORLDLANGUAGES_ETHIOPIANS,54
TAX_AIDGROUPS_UNICEF,54
TAX_DISEASE_CANCER,53
TAX_WORLDLANGUAGES_IRISH,53
TAX_FNCACT_SECRETARY_OF_STATE,53
TAX_ETHNICITY_IRISH,53
TAX_ETHNICITY_CATHOLICS,53
TAX_FNCACT_EXECUTIVES,53
WB_1438_ALCOHOL_AND_SUBSTANCE_ABUSE,53
WB_1437_SOCIAL_DETERMINANTS_FOR_HEALTH,53
TAX_RELIGION_CATHOLICS,53
TAX_MILITARY_TITLE_SOLDIER,52
TAX_FNCACT_COORDINATOR,52
WB_567_CLIMATE_CHANGE,52
WB_2690_CATEGORIES_OF_EMPLOYMENT,52
TAX_FOODSTAPLES_CORN,52
TAX_FNCACT_CHEFS,52
UNGP_EDUCATION,52
TAX_FNCACT_AGENTS,52
TAX_FNCACT_SOLDIER,51
RETALIATE,51
TAX_FNCACT_ARCHBISHOP,51
TAX_ETHNICITY_ITALIAN,50
VIOLENT_UNREST,50
UNGP_CLIMATE_CHANGE_ACTION,50
TAX_TERROR_GROUP_ISIL,50
WB_1430_MENTAL_HEALTH,50
TAX_FNCACT_GUIDE,49
TAX_FNCACT_VETERAN,49
TAX_POLITICAL_PARTY_NATIONAL_LEAGUE_FOR_DEMOCRACY,49
TAX_TERROR_GROUP_NATIONAL_LEAGUE_FOR_DEMOCRACY,49
CRISISLEX_T06_SUPPLIES,49
WB_2478_PEACE_PROCESSES_AND_DIALOGUE,49
TAX_FNCACT_VILLAGER,48
TAX_WORLDLANGUAGES_ITALIAN,48
TAX_DISEASE_WOUNDS,48
TAX_FNCACT_ACTRESS,48
WB_672_NETWORK_MANAGEMENT,48
TAX_FNCACT_MILITARY_PERSONNEL,47
TAX_FOODSTAPLES_BREAD,47
HEALTH_VACCINATION,47
TAX_WORLDLANGUAGES_CAMBODIAN,47
SURVEILLANCE,47
WB_1431_CANCER,47
WB_713_PUBLIC_FINANCE,47
TAX_WORLDLANGUAGES_LANNA,46
TAX_FNCACT_BUTLER,46
WB_1199_WATER_SUPPLY_AND_SANITATION,46
EVACUATION,46
TAX_FNCACT_GEOSCIENTISTS,46
TAX_FNCACT_AID_WORKERS,46
TAX_DISEASE_CONVENTIONAL,46
FUELPRICES,46
SLFID_CAPACITY_BUILDING,46
TAX_FNCACT_JUDGE,46
TAX_FNCACT_VOLUNTEERS,46
TAX_ETHNICITY_BAMAR,46
TAX_TERROR_GROUP_KAREN_NATIONAL_UNION,45
TAX_ETHNICITY_BANGLADESHI,45
TAX_WEAPONS_EXPLOSIVES,45
GOV_LOCALGOV,44
TAX_FNCACT_LAWYER,44
CLOSURE,44
TAX_FNCACT_POET,44
WB_478_LEVELS_OF_EDUCATION,44
WMD,44
WB_644_NUTRITION,44
TAX_FNCACT_LADY,43
SOC_POINTSOFINTEREST_PRISONS,43
TAX_FNCACT_SUPERVISOR,43
TAX_FNCACT_ADMINISTRATORS,43
TAX_FNCACT_PRINCIPAL,43
TAX_RELIGION_HINDU,42
TAX_FNCACT_BISHOPS,42
EPU_POLICY_REGULATION,42
TAX_WORLDMAMMALS_TIGER,42
TAX_ETHNICITY_HINDU,42
TAX_FNCACT_SLAVES,42
TAX_FNCACT_VOLUNTEER,42
DISABILITY,42
TAX_FNCACT_GENERAL_MANAGER,41
TAX_FNCACT_BABY,41
TAX_WORLDLANGUAGES_MANSI,41
WB_332_CAPITAL_MARKETS,41
WB_1497_EDUCATION_MANAGEMENT_AND_ADMINISTRATION,41
TAX_FNCACT_AID_WORKER,41
TAX_FNCACT_QUEEN,41
TAX_FNCACT_ACTIVIST,41
TAX_FNCACT_CHAIRPERSON,41
TAX_FNCACT_MARSHALL,41
BLACK_MARKET,40
TAX_ETHNICITY_KYRGYZ,40
TAX_DISEASE_MALNUTRITION,40
TAX_DISEASE_PNEUMONIA,40
TAX_FNCACT_POLITICIANS,40
EPU_POLICY_REFORM,40
ENV_CLIMATECHANGE,40
SOC_POINTSOFINTEREST_UNIVERSITIES,40
TAX_FNCACT_EXECUTIVE_DIRECTOR,40
TAX_RELIGION_CHURCHES,39
BLOCKADE,39
TAX_FNCACT_PROSECUTOR,39
TAX_WORLDMAMMALS_FOX,39
TAX_FNCACT_FEMINIST,39
TAX_FNCACT_ARISTOCRATS,39
TAX_WORLDLANGUAGES_LEUNG,39
TAX_FNCACT_SCHOLARS,38
ECON_UNIONS,38
CRIME_COMMON_ROBBERY,38
TAX_FNCACT_SLAVE,38
ECON_GOLDPRICE,38
WB_199_FOOD_SECURITY,38
TAX_FNCACT_COMMANDERS,38
TAX_FNCACT_PRINCE,38
WB_615_GENDER,38
WB_2467_TERRORISM,38
TAX_ETHNICITY_RUSSIANS,38
TAX_FNCACT_CHIEF_OF_STATE,38
WB_1016_SPECIAL_ECONOMIC_ZONES,38
WB_2704_EMPLOYER,38
STRIKE,37
TAX_FNCACT_INSTRUCTOR,37
WB_549_OIL_AND_GAS_SYSTEMS,37
TAX_FNCACT_COMMISSIONERS,37
UNEMPLOYMENT,37
TAX_FNCACT_POLICE_OFFICER,37
TAX_FNCACT_MILITARY_OFFICERS,36
TAX_FNCACT_MAYOR,36
TAX_WORLDLANGUAGES_YOULE,36
TAX_ETHNICITY_NAGAS,36
TAX_FNCACT_CONSULTANT,36
TAX_FNCACT_ATTORNEY,36
WB_780_TRADE_IN_SERVICES,36
WB_2840_INTEGRATION,36
WB_508_POWER_SYSTEMS,35
TAX_WORLDLANGUAGES_TAMIL,35
ECON_REMITTANCE,35
WB_783_TEMPORARY_MOVEMENT_OF_LABOR,35
NATURAL_DISASTER_CYCLONE,35
TAX_ETHNICITY_TAMIL,35
WB_1671_MINIMUM_WAGES,35
TAX_MILITARY_TITLE_LIEUTENANT,35
WB_1791_AIR_POLLUTION,35
WB_1415_COMMUNICABLE_DISEASE,35
TAX_POLITICAL_PARTY_COMMUNIST_PARTY,35
WB_820_DISASTER_RISK_MANAGEMENT,35
TAX_FNCACT_LIEUTENANT,35
WB_601_POLLUTION_MANAGEMENT,35
NATURAL_DISASTER_LANDSLIDE,35
TAX_FNCACT_IMMIGRANTS,35
WB_899_SOCIAL_SAFEGUARDS,35
WB_2960_INDIGENOUS_PEOPLES,35
WB_749_INDIGENOUS_PEOPLES,35
TAX_FNCACT_HERO,34
LITERACY,34
TAX_WORLDREPTILES_CROCODILE,34
WB_2943_SWITCHES,34
TAX_ETHNICITY_BURMAN,34
TAX_FNCACT_NOVELIST,33
WB_2443_RAPE_AND_SEXUAL_VIOLENCE,33
TAX_WORLDLANGUAGES_HINDI,33
CRIME_CARTELS,33
TAX_DISEASE_OUTBREAK,33
WB_639_REPRODUCTIVE_MATERNAL_AND_CHILD_HEALTH,33
WB_139_SANITATION_AND_WASTEWATER,33
ECON_WORLDCURRENCIES_YUAN,33
EPU_CATS_SOVEREIGN_DEBT_CURRENCY_CRISES,33
WB_1202_INDUSTRIAL_ZONES,33
ACT_MAKESTATEMENT,32
WB_1768_OIL_AND_GAS_PIPELINE,32
TAX_FNCACT_MILITARY_LEADERS,32
WB_170_AGRICULTURAL_POLICIES,32
TAX_TERROR_GROUP_KACHIN_INDEPENDENCE_ARMY,31
TAX_FNCACT_PRIESTS,31
PROPERTY_RIGHTS,31
TAX_WORLDREPTILES_CROCODILES,31
TAX_FNCACT_COWGIRL,31
TAX_WORLDBIRDS_DUCK,31
TAX_FNCACT_AGENT,31
NATURAL_DISASTER_NATURAL_DISASTERS,31
EPU_CATS_TRADE_POLICY,30
TAX_FNCACT_ATTENDANT,30
TAX_TERROR_GROUP_KAREN_NATIONAL_LIBERATION_ARMY,30
TAX_WORLDLANGUAGES_UKRAINIAN,30
TAX_ETHNICITY_UKRAINIAN,30
ECON_HEATINGOIL,30
SLFID_ECONOMIC_DEVELOPMENT,30
SLFID_CIVIL_LIBERTIES,30
TAX_WORLDMAMMALS_DOGS,30
TAX_FNCACT_SHEPHERD,30
SOVEREIGNTY,30
WB_888_LAND_TENURE,30
TAX_FNCACT_PRESIDENTS,30
SOC_POINTSOFINTEREST_REFUGEE_CAMP,29
HUMAN_RIGHTS_ABUSES_TORTURE,29
ECON_GASOLINEPRICE,29
TAX_FNCACT_ENVOY,29
TAX_FNCACT_GOVERNOR,29
WB_838_PUBLIC_ACCOUNTABILITY_MECHANISMS,29
TAX_FNCACT_OPERATOR,29
WB_1448_DEMOGRAPHIC_CHANGE,29
SOC_RANSOM,28
TAX_WORLDLANGUAGES_OKANAGAN,28
TAX_FNCACT_DICTATOR,28
WB_2931_IRON,28
ASSASSINATION,28
WB_2901_GENDER_BASED_VIOLENCE,28
TAX_ETHNICITY_EUROPEANS,28
TAX_ETHNICITY_BELARUSIAN,28
SOC_DIPLOMRECOG,28
TAX_FNCACT_CAPTAIN,28
TAX_FNCACT_LAWYERS,28
EPU_POLICY_LEGISLATION,28
TAX_MILITARY_TITLE_CAPTAIN,28
TAX_RELIGION_BUDDHISM,27
TAX_ETHNICITY_SOVIET,27
TAX_WORLDBIRDS_MAO,27
WB_2372_AUTHENTICATION_AND_AUTHORIZATION,27
TAX_AIDGROUPS_RED_CROSS,27
TAX_FNCACT_JUDGES,27
WB_2000_SANITATION,27
NATURAL_DISASTER_EARTHQUAKES,27
TAX_ETHNICITY_TAIWANESE,27
TAX_ETHNICITY_CHRISTIANS,26
NATURAL_DISASTER_FAMINE,26
TAX_FNCACT_PASTOR,26
NATURAL_DISASTER_FLOODS,26
TAX_FNCACT_FLIGHT_ATTENDANT,26
SOC_POINTSOFINTEREST_MILITARY_BASES,26
TAX_ETHNICITY_AUSTRALIANS,26
WB_642_CHILD_HEALTH,26
TAX_WEAPONS_GUN,26
TAX_TERROR_GROUP_TALIBAN,26
TAX_RELIGION_CHRISTIANS,26
SOC_PARDON,25
TAX_FNCACT_KILLER,25
TAX_FNCACT_MAJOR_GENERAL,25
TAX_MILITARY_TITLE_MAJOR_GENERAL,25
SOC_POINTSOFINTEREST_AIRPORTS,25
WB_1459_IMMUNIZATIONS,25
WB_2026_PREVENTION,25
TAX_WORLDLANGUAGES_MALAY,25
TAX_WORLDMAMMALS_RABBIT,25
ELECTION_FRAUD,25
TAX_AIDGROUPS_ASSOCIATION_OF_SOUTHEAST_ASIAN_NATIONS,25
TAX_FNCACT_COUNSELLOR,25
TAX_FNCACT_MANAGERS,25
TAX_ETHNICITY_MALAY,25
TAX_FNCACT_EMPLOYER,25
NATURAL_DISASTER_DROUGHT,25
TAX_DISEASE_DIARRHOEA,25
TAX_ETHNICITY_PALESTINIAN,25
TAX_WORLDMAMMALS_PANDA,25
CRIME_LOOTING,25
WB_442_INFLATION,24
TAX_WORLDLANGUAGES_LAOTIAN,24
TAX_ETHNICITY_LAOTIAN,24
TAX_RELIGION_BAPTIST,24
ECON_INFLATION,24
TAX_DISEASE_HIV,24
WB_841_JUSTICE_SYSTEM_ADMINISTRATION,24
TAX_AIDGROUPS_HUMAN_RIGHTS_WATCH,24
WB_1420_MALARIA,24
TAX_FNCACT_TOUR_GUIDE,24
TAX_DISEASE_MALARIA,24
WB_318_FINANCIAL_ARCHITECTURE_AND_BANKING,24
TECH_AUTOMATION,24
TAX_WORLDMAMMALS_HORSE,24
WB_482_TERTIARY_EDUCATION,24
WB_2464_INSURGENCY,23
WB_1502_EDUCATIONAL_DECENTRALIZATION,23
TAX_RELIGION_ISLAM,23
ENV_WATERWAYS,23
WB_1805_WATERWAYS,23
TAX_FNCACT_THIEVES,23
TREASON,23
WB_1100_SUSTAINABLE_GROWTH,23
NATURAL_DISASTER_MONSOON,23
UNREST_HUMAN_SHIELD,23
WB_1670_TRADE_UNIONS,23
TAX_FNCACT_CLERGY,23
TAX_WEAPONS_TEAR_GAS,23
TAX_FNCACT_ENGINEERS,23
WB_728_PUBLIC_SERVICE_DELIVERY,23
TAX_WEAPONS_GUNS,23
TAX_FNCACT_CRIMINALS,23
WB_2089_ETHICS_AND_CODES_OF_CONDUCT,23
WB_640_POPULATION_AND_DEMOGRAPHIC_CHANGE,23
WB_1305_HEALTH_SERVICES_DELIVERY,23
POPULATION_DENSITY,23
CRISISLEX_C02_NEEDSPROVIDE_FOOD,23
TAX_TERROR_GROUP_UNITED_WA_STATE_ARMY,23
TAX_WORLDLANGUAGES_BHARAT,22
TAX_FNCACT_CHAPLAIN,22
TAX_WORLDLANGUAGES_GREEK,22
WB_2666_LIFE_EXPECTANCY,22
TAX_DISEASE_SKIN_DISEASES,22
WB_476_GREEN_GROWTH,22
TAX_FNCACT_CHAPLAINS,22
TAX_WORLDLANGUAGES_RUSSIANS,22
TAX_ETHNICITY_GREEK,22
TAX_FNCACT_COMMISSIONER,22
TAX_WORLDMAMMALS_WOLVES,22
TAX_FNCACT_MUSICIAN,22
TAX_WORLDMAMMALS_RATS,22
WB_1045_TREASURY,22
EPU_CATS_MONETARY_POLICY,22
TAX_RELIGION_BUDDHISTS,21
TAX_FNCACT_ADVISER,21
TAX_FNCACT_ELDERS,21
NATURAL_DISASTER_NATURAL_DISASTER,21
WB_718_PUBLIC_INVESTMENT_MANAGEMENT,21
MILITARY_COOPERATION,21
WB_1234_BANKING_INSTITUTIONS,21
TAX_FNCACT_MONK,21
TAX_ETHNICITY_BUDDHISTS,21
TAX_FNCACT_SALES_MANAGER,21
TAX_WORLDMAMMALS_HORSES,21
TAX_FOODSTAPLES_POTATOES,21
TAX_AIDGROUPS_INTERNATIONAL_CRISIS_GROUP,21
TAX_FNCACT_PHOTOJOURNALIST,21
TAX_FNCACT_AUCTIONEER,20
WB_1857_ARBITRATION,20
TAX_WORLDLANGUAGES_TEDIM,20
TAX_RELIGION_HINDUS,20
TAX_ETHNICITY_HINDUS,20
TAX_WEAPONS_GRENADE,20
SOC_MARGINALIZE,20
TAX_WORLDCRUSTACEANS_LOBSTER,20
WB_439_MACROECONOMIC_AND_STRUCTURAL_POLICIES,20
TAX_WORLDREPTILES_SNAKES,20
TAX_WORLDCRUSTACEANS_CRABS,20
TAX_FNCACT_VETERANS,20
TAX_DISEASE_INFECTION,20
TAX_FNCACT_COUNSELOR,20
TAX_WORLDINSECTS_MOTHS,19
WB_445_FISCAL_POLICY,19
TAX_FNCACT_CFO,19
ECON_ELECTRICALGENERATION,19
WB_3007_NATIONAL_PARKS,19
TAX_FNCACT_EMPLOYERS,19
WB_1829_ECOSYSTEM_MANAGEMENT,19
TAX_FNCACT_ENTREPRENEUR,19
TAX_AGRICULHARMINSECTS_MOTHS,19
WB_289_TELECOMMUNICATIONS_LAW_AND_REGULATION,19
TAX_FNCACT_COMPANION,19
WB_1934_CIVILLIAN_POLICE_AND_SECURITY_SERVICES,19
TAX_FNCACT_COORDINATORS,19
TAX_ETHNICITY_BOLIVIA,19
TAX_WORLDLANGUAGES_SPANISH,19
TAX_WORLDMAMMALS_GOATS,19
WB_813_URBAN_GOVERNANCE_AND_CITY_SYSTEMS,19
TAX_WORLDLANGUAGES_ANYAR,19
WB_1833_PROTECTED_AREAS_SYSTEMS,19
TAX_FNCACT_DIPLOMATS,19
TAX_FNCACT_SCHOLAR,18
CRM_ARSON,18
TAX_POLITICAL_PARTY_HEZBOLLAH,18
TAX_FNCACT_JAILER,18
WB_2817_TRAINING_PROGRAMS,18
RETIREMENT,18
TAX_TERROR_GROUP_HEZBOLLAH,18
ENV_FISHERY,18
CRISISLEX_C01_CHILDREN_AND_EDUCATION,18
TAX_FNCACT_CANDIDATES,18
TAX_FNCACT_SCOUT,18
HARASSMENT,18
TAX_FNCACT_CANDIDATE,18
TAX_FNCACT_ORGANIZERS,18
TAX_FNCACT_TRADERS,18
TAX_ETHNICITY_MOCHA,18
TAX_FNCACT_DESIGNER,18
TAX_ETHNICITY_SPANISH,18
TAX_FNCACT_ELDER,18
NATURAL_DISASTER_FLOODING,18
SOC_USSECURITYAGENCIES,18
UNGP_PHONE_INTERNET_ACCESS_COST,18
TAX_RELIGION_MOSLEMS,18
TAX_FNCACT_EXPRESIDENT,17
ECON_DEVELOPMENTORGS_WORLD_HEALTH_ORGANIZATION,17
TAX_AIDGROUPS_WORLD_HEALTH_ORGANIZATION,17
WB_2815_SKILLS_AND_EDUCATION,17
WB_1081_FINANCE_AND_GROWTH,17
WB_863_FDI_SPILLOVERS,17
TAX_FOODSTAPLES_EGGS,17
WB_1817_CONGESTION,17
TAX_FOODSTAPLES_GRAINS,17
TAX_ETHNICITY_KHMER,17
TAX_FNCACT_SPEAKER,17
WB_1211_HUMAN_RESOURCES,17
TAX_FNCACT_REPORTER,17
TAX_TERROR_GROUP_MYANMAR_ARMED_FORCES,17
TAX_ETHNICITY_TAOIST,17
TAX_RELIGION_TAOIST,17
TAX_ETHNICITY_SAMI,17
WB_1121_TAXATION,17
TAX_FNCACT_WING_COMMANDER,17
TAX_MILITARY_TITLE_WING_COMMANDER,17
WB_141_WATER_RESOURCES_MANAGEMENT,17
WB_162_TRANSPORT_ECONOMICS,17
TAX_WORLDMAMMALS_BEARS,17
TAX_WORLDLANGUAGES_MAHARASHTRA,17
TAX_WORLDLANGUAGES_KHMER,17
WB_2747_UNEMPLOYMENT,17
TAX_FNCACT_NURSES,17
TAX_FNCACT_ORGANIZER,17
TAX_FNCACT_KNIGHT,17
TAX_WORLDMAMMALS_FISHER,17
TAX_FNCACT_TECHNICIANS,17
TAX_FNCACT_COWBOY,17
WB_2516_HUMANITARIAN_LAW,16
TAX_RELIGION_MOSQUE,16
TAX_FNCACT_DETECTIVE,16
TAX_WORLDMAMMALS_RAT,16
TAX_WORLDLANGUAGES_MUANG,16
TAX_POLITICAL_PARTY_INDIAN_NATIONAL_CONGRESS,16
WB_1000_WATER_MANAGEMENT_STRUCTURES,16
TAX_FNCACT_SERVANTS,16
WB_2491_BORDER_SECURITY,16
TAX_POLITICAL_PARTY_SAMAJWADI_PARTY,16
UNGP_TRANSPORTATION_ROADS,16
TAX_FNCACT_PEERS,16
TAX_ETHNICITY_MIZO,16
WB_2142_LOCAL_GOVERNMENT,16
GRIEVANCES,16
TAX_FNCACT_USHER,16
TAX_FNCACT_CONTRACTOR,16
CURFEW,16
TAX_FNCACT_DUCHESS,16
INFO_RUMOR,16
TAX_FNCACT_EMPEROR,16
WB_938_MEDIATION,16
TAX_FNCACT_MINERS,16
TAX_WORLDLANGUAGES_KAYAN,16
TAX_DISEASE_FRACTURES,16
TAX_DISEASE_BRONCHITIS,16
TAX_WEAPONS_WARSHIPS,16
ECON_WORLDCURRENCIES_US_DOLLARS,16
LGBT,16
WB_2514_HUMAN_RIGHTS_NORMS_AND_MECHANISMS,16
TAX_WORLDCRUSTACEANS_PRAWNS,16
TAX_FNCACT_DEVELOPER,15
EPU_POLICY_CENTRAL_BANK,15
WB_1235_CENTRAL_BANKS,15
ECON_CENTRALBANK,15
TAX_ETHNICITY_DUTCH,15
WB_1024_PUBLIC_INTERNATIONAL_LAW,15
TAX_WEAPONS_SUBMARINE,15
WB_151_IRRIGATION_AND_DRAINAGE,15
ECON_MONEYLAUNDERING,15
WB_140_AGRICULTURAL_WATER_MANAGEMENT,15
TAX_DISEASE_COVID,15
NATURAL_DISASTER_LANDSLIDES,15
TAX_DISEASE_DIARRHEA,15
TAX_WORLDLANGUAGES_FILIPINOS,15
TAX_WORLDMAMMALS_GOAT,15
TAX_FNCACT_CONSCRIPT,15
TAX_FNCACT_HUNTER,15
WB_2575_TRADE_POLICY_AND_INVESTMENT_AGREEMENTS,15
ECON_DEVELOPMENTORGS_UNITED_STATES_AGENCY_FOR_INTERNATIONAL,15
TAX_ETHNICITY_FILIPINOS,15
WB_2076_MONEY_LAUNDERING,15
TAX_WORLDLANGUAGES_DUTCH,15
TAX_AIDGROUPS_UNITED_STATES_AGENCY_FOR_INTERNATIONAL,15
WB_533_ENERGY_EFFICIENCY,15
TAX_TERROR_GROUP_PEOPLE_LIBERATION_ARMY,15
EPU_POLICY_POLICYMAKERS,15
TAX_FNCACT_MAGICIAN,15
TAX_FNCACT_BACHELOR,15
TAX_FNCACT_TRAINERS,15
TAX_WORLDLANGUAGES_MAHA,15
WB_1383_HEALTH_MANAGEMENT_AND_ADMINISTRATION,15
NATURAL_DISASTER_TSUNAMI,15
TAX_TERROR_GROUP_KHMER_ROUGE,14
TAX_WORLDLANGUAGES_LASHI,14
TAX_DISEASE_RABIES,14
WB_1150_VOLATILITY,14
TAX_WORLDLANGUAGES_BRETON,14
TAX_ETHNICITY_LAO,14
WB_701_JOBS_AND_POVERTY,14
TAX_FNCACT_MEDIC,14
TAX_WORLDLANGUAGES_KANCHANABURI,14
TAX_WORLDLANGUAGES_CAJUN,14
WB_1362_MEDICAL_EQUIPMENT,14
WB_1170_JOB_CREATION_AND_JOB_OPPORTUNITIES,14
TAX_WEAPONS_ARMORED,14
MEDICAL_SECURITY,14
TAX_FNCACT_AIRMEN,14
TAX_FNCACT_POLICEMAN,14
TAX_WORLDLANGUAGES_BILIN,14
TAX_FNCACT_BUSINESSMAN,14
TAX_DISEASE_EMERGENCIES,14
TAX_FNCACT_TRIBAL_CHIEF,14
WB_2944_SERVERS,14
WB_671_STORAGE_MANAGEMENT,14
TAX_TERROR_GROUP_DEMOCRATIC_FRONT,14
TAX_DISEASE_FACIES,14
TAX_FNCACT_PUBLISHER,14
TAX_FOODSTAPLES_GRAIN,14
TAX_FNCACT_FOREIGN_MINISTERS,14
TAX_WORLDFISH_POWS,14
TAX_FNCACT_CREW_MEMBERS,14
RELATIONS,14
WB_631_HUMAN_RESOURCES_FOR_HEALTH,14
WB_363_FINANCIAL_INCLUSION,14
TAX_POLITICAL_PARTY_REPUBLICAN,14
TAX_WORLDFISH_MULLET,14
SLFID_RULE_OF_LAW,14
TAX_FNCACT_POLITICIAN,14
TAX_RELIGION_ORTHODOX,14
WB_919_GENDER_AND_HUMAN_DEVELOPMENT,13
WB_1720_CITY_STRATEGIES_AND_TERRITORIAL_PLANNING,13
TAX_WORLDFISH_SHARK,13
WB_1721_SPATIAL_PLANNING_AND_LAND_USE,13
TAX_FNCACT_MILITARY_LEADER,13
HUMAN_RIGHTS_ABUSES_EXTRAJUDICIAL,13
WB_721_STATE_OWNED_ENTERPRISES,13
RATIFY,13
ECON_OILPRICE,13
TAX_FNCACT_SERGEANT,13
ECON_ELECTRICALDEMAND,13
ECON_FOREIGNINVEST,13
TAX_WEAPONS_SUBMARINES,13
TAX_FNCACT_TECHNICIAN,13
WB_1896_FUNDAMENTAL_AREAS_OF_THE_LAW,13
WB_554_MINING_POLICY_LAWS_AND_REGULATIONS,13
TAX_FNCACT_FOUNDERS,13
WB_350_FINANCIAL_INFRASTRUCTURE_AND_REMITTANCES,13
TAX_FNCACT_PONTIFF,13
TAX_FNCACT_KILLERS,13
WB_1324_EMERGENCY_MEDICAL_SERVICES,13
WB_2508_ETHNIC_CLEANSING,13
MOVEMENT_SOCIAL,13
WB_480_PRIMARY_EDUCATION,13
WB_2127_EDUCATION_ACCESS_AND_EQUITY,13
TAX_WORLDLANGUAGES_NAGAR,13
PROPAGANDA,13
TAX_WORLDLANGUAGES_ETHIOPIAN,13
TAX_FNCACT_BUYER,13
TAX_TERROR_GROUP_DEMOCRATIC_KAREN_BUDDHIST_ARMY,13
TAX_FNCACT_EXECUTIVE_CHEF,13
TAX_DISEASE_TRANSITIONAL,13
WB_138_WATER_SUPPLY,13
TAX_FNCACT_TRUCK_DRIVER,13
EPU_POLICY_LAWMAKERS,12
TAX_FNCACT_BRIGADIER,12
TAX_FNCACT_CATERER,12
WB_958_CRIMINAL_LAW,12
WB_1283_PRIVATIZATION,12
TAX_WORLDLANGUAGES_TAI_YAI,12
MIL_SELF_IDENTIFIED_ARMS_DEAL,12
HATE_SPEECH,12
TAX_DISEASE_HERNIA,12
ECON_MONOPOLY,12
NEW_CONSTRUCTION,12
TAX_DISEASE_HEPATITIS,12
TAX_WEAPONS_MORTAR,12
TAX_FNCACT_LAWMAKERS,12
HEALTH_SEXTRANSDISEASE,12
TAX_FNCACT_WARRIORS,12
SOC_ECONCOOP,12
EPU_POLICY_WHITE_HOUSE,12
TAX_DISEASE_TRAUMA,12
ECON_WORLDCURRENCIES_EURO,12
TAX_FNCACT_TRANSLATOR,12
WB_1026_TREATIES,12
TAX_FNCACT_TELLER,12
TAX_WORLDMAMMALS_RABBITS,12
WB_2896_RETIREMENT,12
VANDALIZE,12
TAX_FNCACT_COMPOSER,12
TAX_WORLDLANGUAGES_CIARA,12
SOC_SUICIDE,12
TAX_WORLDLANGUAGES_MANDARIN,12
TAX_FNCACT_MAHARAJA,12
ECON_BOYCOTT,12
ECON_SUBSIDIES,12
TAX_WORLDLANGUAGES_SIRIO,11
WB_544_MID_AND_DOWNSTREAM_OIL_AND_GAS,11
WB_1039_PROPERTY_LAWS_AND_REGULATIONS,11
WB_147_HYGIENE_PROMOTION,11
TAX_FNCACT_VALET,11
WB_2947_OPERATING_SYSTEMS,11
TAX_FNCACT_VENDOR,11
TAX_FNCACT_HIGH_COMMISSIONER,11
WB_555_ARTISANAL_AND_SMALL_SCALE_MINING,11
WB_161_DAMS_AND_RESERVOIRS,11
TAX_DISEASE_TINNITUS,11
ECON_FREETRADE,11
TAX_FNCACT_PRESENTER,11
ECON_WORLDCURRENCIES_UNITED_STATES_DOLLAR,11
TAX_WORLDFISH_TUNA,11
NATURAL_DISASTER_WILDFIRE,11
TAX_FNCACT_LABOURERS,11
TAX_WORLDFISH_SALMON,11
TAX_MILITARY_TITLE_LIEUTENANT_GENERAL,11
WB_2844_EMIGRATION,11
TAX_AIDGROUPS_SALVATION_ARMY,11
TAX_FNCACT_TRUCKER,11
TAX_FNCACT_SOMMELIER,11
TAX_WORLDLANGUAGES_BUKIT,11
TAX_WORLDLANGUAGES_KHU,11
TAX_FNCACT_BOARD_MEMBER,11
SOC_POINTSOFINTEREST_JAILS,11
TAX_FNCACT_LIEUTENANT_GENERAL,11
TAX_FNCACT_COMEDIAN,11
NATURAL_DISASTER_FLOOD,11
TAX_FNCACT_PROSPECTORS,10
MOVEMENT_WOMENS,10
TAX_FNCACT_SENIOR_VICE_PRESIDENT,10
TAX_WORLDFISH_COD,10
SOC_POINTSOFINTEREST_PRESCHOOL,10
TAX_DISEASE_ANTICIPATION,10
TAX_FNCACT_DEFECTORS,10
EMERG_EMERGSHELTER,10
TAX_FNCACT_ENVOYS,10
ECON_MOU,10
TAX_FNCACT_DANCER,10
TAX_FNCACT_MANUFACTURER,10
WB_706_EVIDENCE_BASED_POLICY,10
DEATH_PENALTY,10
TAX_WORLDFISH_ROACH,10
TAX_WORLDLANGUAGES_FILIPINO,10
TAX_TERROR_GROUP_RESISTANCE_MOVEMENT,10
FREESPEECH,10
TAX_FNCACT_WRESTLER,10
TAX_FNCACT_TRADER,10
TAX_FNCACT_RECRUITER,10
TAX_FNCACT_WARLORD,10
SOC_EMERGINGTECH,10
TAX_FNCACT_EDUCATORS,10
TAX_WORLDLANGUAGES_KOREANS,10
TAX_RELIGION_JEWISH,10
TAX_ETHNICITY_KOREANS,10
TAX_DISEASE_PREGNANCY,10
TAX_MILITARY_TITLE_SERGEANT,10
TAX_FNCACT_SUPERINTENDENT,10
TAX_FNCACT_MAGISTRATE,10
TAX_WORLDLANGUAGES_OREGON,10
TAX_FNCACT_AMBASSADORS,10
TAX_ETHNICITY_BURMANS,10
WB_768_INTERNATIONAL_STANDARDS_AND_TECHNICAL_REGULATIONS,10
WB_778_NON_TARIFF_MEASURES,10
TAX_ETHNICITY_JEWISH,10
TAX_ETHNICITY_FILIPINO,10
TAX_WORLDLANGUAGES_FALAM,10
TAX_ETHNICITY_POLES,10
TAX_FNCACT_PIONEER,10
HUMAN_RIGHTS_ABUSES_TORTURING,10
TAX_FNCACT_BUSINESSMEN,10
WB_2440_SURVIVAL_SEX,10
TAX_FNCACT_GROOM,10
TAX_WORLDLANGUAGES_SIANG,10
SOC_POINTSOFINTEREST_MIDDLE_SCHOOL,10
WB_1070_ECONOMIC_GROWTH_POLICY,10
NATURAL_DISASTER_RICHTER_SCALE,10
WB_1432_HYPERTENSION,10
SOC_TECHNOLOGYSECTOR,10
TAX_FNCACT_POLICEMEN,10
TAX_FNCACT_FIELD_TECHNICIAN,10
TAX_FNCACT_PEER,10
TAX_FNCACT_COMMANDO,10
TAX_AIDGROUPS_THE_COORDINATION_OF_HUMANITARIAN_AFFAIRS,10
SLFID_MILITARY_SPENDING,10
TAX_FNCACT_COOKS,10
ECON_TRANSPORT_COST,9
TAX_FNCACT_HISTORIAN,9
TAX_WORLDLANGUAGES_HAKHA,9
TAX_FNCACT_PRACTITIONERS,9
TAX_WORLDLANGUAGES_MOHAWK,9
TAX_FNCACT_AIDE,9
TAX_FNCACT_BRIDE,9
TAX_WEAPONS_MINESWEEPERS,9
TAX_WORLDFISH_CATFISH,9
UNREST_SELF_IDENTIFIED_HATE_SPEECH,9
TAX_FNCACT_MILITARY_OFFICER,9
TAX_FNCACT_SECRETARY_GENERAL,9
TAX_FNCACT_SENATORS,9
TAX_DISEASE_HEPATITIS_A,9
TAX_FOODSTAPLES_CEREAL,9
WB_2457_CYBER_CRIME,9
TAX_WORLDLANGUAGES_KOMODO,9
SOC_FASCISM,9
TAX_AIDGROUPS_INTERNATIONAL_RESCUE_COMMITTEE,9
PEACEKEEPING,9
TAX_WORLDLANGUAGES_MALA,9
INEQUALITY,9
WB_776_TRADE_POLICY,9
SCANDAL,9
WB_1064_WATER_DEMAND_MANAGEMENT,9
ENV_POACHING,9
TAX_DISEASE_FLU,9
TAX_WORLDMAMMALS_JAGUAR,9
WB_385_HUMAN_CAPITAL_FOR_INNOVATION_AND_ENTREPRENEURSHIP,9
WB_376_INNOVATION_TECHNOLOGY_AND_ENTREPRENEURSHIP,9
WB_483_VOCATIONAL_EDUCATION_AND_TRAINING,9
TAX_FNCACT_CORRESPONDENT,9
EPU_POLICY_INTEREST_RATE,9
WB_2085_PUBLIC_SECTOR_DOWNSIZING,9
TAX_FNCACT_CHAMPIONS,9
TAX_FNCACT_INSIDERS,9
TAX_RELIGION_PROTESTANT,9
WB_2054_SIZE_OF_THE_PUBLIC_SERVICE,9
ECON_IDENTITYTHEFT,9
WB_387_VOCATIONAL_AND_TECHNICAL_TRAINING,9
TAX_FNCACT_EXECUTIVE_VICE_PRESIDENT,9
WB_1287_HEALTH_INSURANCE,9
WB_625_HEALTH_ECONOMICS_AND_FINANCE,9
ECON_BITCOIN,9
TAX_ETHNICITY_NICARAGUAN,9
WB_2399_ICT_INNOVATION_AND_TRANSFORMATION,9
TAX_ETHNICITY_SCOTTISH,9
TAX_DISEASE_INFECTIOUS,9
WB_2031_RIGHT_TO_INFORMATION,9
TAX_WORLDLANGUAGES_KANSAS,9
WB_837_OPEN_GOVERNMENT_AND_TRANSPARENCY,9
WB_744_SOCIAL_ANALYSIS,9
WB_836_POLITICAL_ECONOMY_OF_REFORM,9
TAX_WORLDLANGUAGES_PANGWA,9
WB_2435_CHILD_SOLDIERS,9
WB_427_WATER_ALLOCATION_AND_WATER_ECONOMICS,9
WB_1673_PASSIVE_LABOR_MARKETS_POLICIES,9
TAX_WEAPONS_AIRCRAFT_CARRIER,9
TAX_FNCACT_CONSULTANTS,9
SOC_CHILDSOLDIER,9
TAX_FNCACT_ENTERTAINER,9
TAX_WORLDLANGUAGES_QIANG,9
WB_174_CROP_PRODUCTION,9
TAX_FNCACT_FACULTY,9
TAX_FNCACT_CHIEFS,8
INTERNET_CENSORSHIP,8
TAX_FNCACT_SQUADRON_LEADER,8
TAX_FNCACT_DIPLOMAT,8
TAX_FNCACT_NOMINEE,8
TAX_ETHNICITY_SOVIETS,8
TAX_MILITARY_TITLE_SUPERINTENDENT,8
TAX_WORLDLANGUAGES_AZERBAIJAN,8
TAX_DISEASE_RASH,8
TAX_FOODSTAPLES_SWEET_POTATO,8
TAX_WORLDCRUSTACEANS_SHELLFISH,8
TAX_FNCACT_HUNTERS,8
TAX_FNCACT_BUS_DRIVER,8
TAX_WORLDLANGUAGES_TIMOR,8
TAX_MILITARY_TITLE_SQUADRON_LEADER,8
TAX_FNCACT_COMMANDER_IN_CHIEF,8
WB_2063_INTERNAL_AUDIT,8
TAX_FNCACT_INSIDER,8
TAX_WORLDLANGUAGES_BAS,8
TAX_FNCACT_ARCHITECTS,8
TAX_WORLDLANGUAGES_PERSIAN,8
TAX_ETHNICITY_PERSIAN,8
TAX_ETHNICITY_PROTESTANT,8
TAX_FNCACT_MISSIONARIES,8
TAX_FNCACT_PHYSICIAN,8
WB_2441_DOMESTIC_VIOLENCE,8
WB_1786_ENVIRONMENTAL_SUSTAINABILITY,8
TAX_DISEASE_FEVER,8
CRISISLEX_C08_TELECOM,8
TAX_ETHNICITY_SENA,8
TAX_DISEASE_STROKE,8
WB_700_INEQUALITY_AND_SHARED_PROSPERITY,8
WB_2843_NATURALIZATION,8
TAX_FNCACT_SPOKESWOMAN,8
ACT_YIELD,8
WB_1441_SUPPLEMENTS,8
TAX_FNCACT_SENATOR,8
ECON_DEREGULATION,8
PRIVATIZATION,8
TAX_DISEASE_HIGH_BLOOD_PRESSURE,8
TAX_FNCACT_LIBRARIAN,8
TAX_FNCACT_ENGINEER,8
TAX_FNCACT_LEFTIST,8
WB_851_INTELLECTUAL_PROPERTY_RIGHTS,8
TAX_FNCACT_ECONOMIST,8
TAX_FNCACT_WARLORDS,8
TAX_FNCACT_INCUMBENT,8
WB_175_FERTILIZERS,8
NATURAL_DISASTER_DROWNING,8
TAX_FNCACT_COMPANIONS,8
TAX_FNCACT_VET,8
TAX_WORLDMAMMALS_WATER_BUFFALO,8
WB_1700_NONMETALLIC_MINERAL_MINING_AND_QUARRYING,8
ECON_COST_OF_LIVING,7
TAX_FNCACT_HOTELIERS,7
TAX_FNCACT_DIOCESAN,7
TAX_POLITICAL_PARTY_DEMOCRATS,7
WB_2736_RETURNS_TO_WORK,7
TAX_FNCACT_MILITIAMEN,7
ECON_BUDGET_DEFICIT,7
TAX_FNCACT_FARMER,7
TAX_AIDGROUPS_WORLD_FOOD_PROGRAMME,7
ECON_DEVELOPMENTORGS_WORLD_FOOD_PROGRAMME,7
WB_707_POVERTY_MEASUREMENT_AND_ANALYSIS,7
WB_1152_ECONOMIC_AND_SOCIAL_MOBILITY,7
WB_1153_MIDDLE_CLASS,7
WB_1812_TRANSPORT_EQUIPMENT,7
TAX_FNCACT_BRIGADIER_GENERAL,7
WB_1847_CLIMATE_FINANCE,7
TAX_DISEASE_MYOMA,7
TAX_WORLDLANGUAGES_XIANG,7
WB_2129_TEXTBOOKS,7
WB_491_QUALITY_OF_EDUCATION,7
TAX_ETHNICITY_BELGIAN,7
TAX_WORLDLANGUAGES_YANBYE,7
EPU_POLICY_INTEREST_RATES,7
TAX_FNCACT_GANGSTERS,7
SOC_POINTSOFINTEREST_POLICE_STATIONS,7
TAX_FNCACT_VETERINARIANS,7
WB_2289_OIL_AND_GAS_REFINING,7
WB_1419_TUBERCULOSIS,7
TAX_FNCACT_MASON,7
TAX_FNCACT_GANGSTER,7
WB_1499_PARENT_FAMILY_COMMUNITY_INVOLVEMENT_IN_EDUCATION,7
WB_2139_COMMUNITY_OUTREACH,7
TAX_FNCACT_CHIEF_OF_STAFF,7
TAX_MILITARY_TITLE_CHIEF_OF_STAFF,7
EPU_POLICY_CONGRESSIONAL,7
IMPEACHMENT,7
AVIATION_INCIDENT,7
WB_357_CREDIT_REPORTING,7
TAX_WORLDMAMMALS_HUMANS,7
ECON_DEVELOPMENTORGS_INTERNATIONAL_MONETARY_FUND,7
SOC_POINTSOFINTEREST_COLLEGES,7
TAX_FNCACT_DEFECTOR,7
TAX_FNCACT_POLITICAL_LEADERS,7
TAX_FNCACT_CRITIC,7
TAX_FNCACT_AUDITOR,7
TAX_FNCACT_COMMUNISTS,7
TAX_POLITICAL_PARTY_COMMUNISTS,7
TAX_FNCACT_FACILITATORS,7
EPU_CATS_FISCAL_POLICY,7
TAX_WORLDFISH_SKATES,7
TAX_FNCACT_BANKER,7
TAX_WORLDMAMMALS_CAT,7
WB_2667_RURAL_DEVELOPMENT,7
TAX_ETHNICITY_BANGLADESHIS,7
WB_641_REPRODUCTIVE_AND_MATERNAL_HEALTH,7
TAX_FNCACT_SINGERS,7
SICKENED,7
TAX_DISEASE_TUBERCULOSIS,7
WB_1434_HEART_DISEASE,7
WB_2802_WORKING_CONDITIONS,7
TAX_FNCACT_LYRICIST,7
TAX_FNCACT_CIVIL_SERVANTS,7
TAX_FNCACT_PILGRIM,7
ECON_EMERGINGECON,7
UNSAFE_WORK_ENVIRONMENT,7
TAX_DISEASE_SYNDROME,7
TAX_ETHNICITY_ARIS,7
WB_2788_LABOR_MARKET_INSTITUTIONS_AND_POLICIES,7
TAX_FNCACT_STRINGER,7
WB_1236_COMMERCIAL_BANKING,6
ECON_WORLDCURRENCIES_VIETNAMESE_DONG,6
WB_1948_SUBSIDIES,6
CLAIM_CREDIT,6
TAX_FNCACT_INVESTMENT_BANKER,6
BULLYING,6
ENV_WINDPOWER,6
ECON_DEVELOPMENTORGS_WORLD_TRADE_ORGANISATION,6
WB_2763_CENSUS_DATA,6
TAX_WORLDFISH_BASS,6
WB_2760_EMPLOYMENT_TOOLS_AND_METHODS,6
WB_932_DEMOBILISATION_DISARMAMENT_AND_REINTEGRATION,6
WB_2474_DISARMAMENT_DEMOBILIZATION_REINTEGRATION,6
WB_1614_NUTRITIONAL_PROGRAMS,6
TAX_ETHNICITY_MARATHI,6
TAX_WORLDLANGUAGES_MARATHI,6
TAX_FNCACT_LAWMAKER,6
TAX_AIDGROUPS_RED_CRESCENT,6
ECON_WORLDCURRENCIES_THAI_BAHT,6
WB_1358_GENERIC_DRUGS,6
TAX_FNCACT_CREW_MEMBER,6
TAX_WORLDLANGUAGES_CANTONESE,6
TAX_WEAPONS_DRONE_STRIKE,6
TAX_WORLDLANGUAGES_PALAUNG,6
TAX_RELIGION_THERAVADA_BUDDHISM,6
TAX_DISEASE_OSTEOARTHRITIS,6
TAX_FNCACT_YOUNGSTERS,6
TAX_WORLDLANGUAGES_ARAKANESE,6
TAX_CHRONICDISEASE_HEART_DISEASE,6
TAX_WORLDLANGUAGES_PANKO,6
TAX_FOODSTAPLES_WHEAT,6
TAX_DISEASE_HEART_DISEASE,6
TAX_WEAPONS_FIREARMS,6
WB_2100_ADMINSTRATIVE_SIMPLIFICATION,6
TAX_WORLDMAMMALS_SEAL,6
TAX_FNCACT_VICE_PRESIDENTS,6
TAX_ETHNICITY_MIAO,6
TAX_FNCACT_ASTRONAUT,6
WB_1291_PUBLIC_HEALTH_INSURANCE,6
NATURAL_DISASTER_VOLCANO,6
TAX_WORLDLANGUAGES_YEH,6
TAX_TERROR_GROUP_UNITED_PEOPLE_DEMOCRATIC_FRONT,6
WB_2581_PREFERENTIAL_TRADE_AND_INVESTMENT_AGREEMENTS,6
WB_148_SEWERAGE,6
WB_2003_SANITATION_TECHNOLOGIES,6
TAX_WORLDLANGUAGES_LUANG,6
WB_2449_PARAMILITARIES,6
TAX_WORLDLANGUAGES_SICH,6
WB_367_MICROFINANCE,6
ECON_DEVELOPMENTORGS_UNITED_NATIONS_CHILDREN_FUND,6
TAX_AIDGROUPS_UNITED_NATIONS_CHILDREN_FUND,6
TAX_FNCACT_PARAMEDIC,6
TAX_WORLDLANGUAGES_CARIBE,6
TAX_FNCACT_NOTARY,6
TAX_FNCACT_RETAILER,6
ECON_MIDDLECLASS,6
TAX_FNCACT_VETERINARIAN,6
TAX_FNCACT_VICE_CHAIRMAN,6
MARITIME_INCIDENT_SELF_IDENTIFIED,6
TAX_FNCACT_INNOVATOR,6
TAX_WORLDLANGUAGES_POLARIS,6
WB_2156_CONTINUUM_OF_CARE,6
WB_2387_BROADCASTING_INDUSTRY_AND_MARKETS,6
UNREST_HUNGERSTRIKE,6
TAX_MILITARY_TITLE_ADMIRAL,6
TAX_FNCACT_ADMIRAL,6
TAX_ETHNICITY_MONGOLS,6
TAX_WORLDLANGUAGES_MONGOLS,6
WB_2141_EDUCATION_DISTRICTS,6
TAX_ETHNICITY_CHOP,6
WB_882_MSME_FINANCE,6
TAX_FNCACT_IMMIGRANT,6
WB_1200_EXPORT_ZONES,6
TAX_FNCACT_HACKERS,6
NATURAL_DISASTER_AFTERSHOCKS,6
ENV_DEFORESTATION,6
TAX_FNCACT_GRAND_DUKE,6
TAX_WORLDLANGUAGES_TELUGU,6
TAX_FNCACT_AVIATOR,6
TAX_ETHNICITY_TELUGU,6
TAX_FNCACT_ARCHITECT,6
TAX_FNCACT_SPIRITUAL_LEADER,5
TAX_RELIGION_UYGHUR,5
WB_1226_INDUSTRIAL_CLUSTERS_AND_VALUE_CHAINS,5
TAX_WORLDLANGUAGES_DARANG,5
TAX_DISEASE_EPIDEMIC,5
TAX_FNCACT_KNIGHTS,5
ROAD_INCIDENT,5
WB_1674_HEALTH_AND_SAFETY_CONDITIONS,5
TAX_ETHNICITY_TRIPURI,5
TAX_AIDGROUPS_HIGH_COMMISSIONER_FOR_REFUGEES,5
ACT_FORCEPOSTURE,5
TAX_FNCACT_MISSIONARY,5
TAX_RELIGION_BUDDHIST_MONKS,5
WB_1352_ESSENTIAL_MEDICINES,5
TAX_WORLDLANGUAGES_CHAKMA,5
TAX_WORLDREPTILES_TURTLE,5
TAX_FNCACT_FINANCE_OFFICER,5
WB_1801_ROAD_TRANSPORT,5
TAX_FNCACT_PASTORS,5
WB_1167_EQUALITY_OF_OPPORTUNITIES,5
TAX_WORLDLANGUAGES_CHANA,5
TAX_WORLDLANGUAGES_TRIPURI,5
TAX_TERROR_GROUP_HAMAS,5
TAX_FNCACT_SUPERMAN,5
TAX_SPECIALDEATH,5
TAX_FNCACT_MAID,5
TAX_TERROR_GROUP_CHIN_NATIONAL_ARMY,5
TAX_WORLDLANGUAGES_TAS,5
TAX_FNCACT_WALKER,5
TAX_DISEASE_ATROPHY,5
TAX_ETHNICITY_JAIN,5
WB_1309_SECONDARY_CARE,5
WB_1532_TEACHER_TRAINING,5
WB_1523_TEACHERS_MANAGEMENT,5
TAX_POLITICAL_PARTY_HAMAS,5
TAX_WORLDLANGUAGES_UYGHUR,5
TAX_ETHNICITY_UYGHUR,5
TAX_RELIGION_JEWS,5
TAX_RELIGION_JAIN,5
WB_988_LEVEES,5
WB_1017_CONSUMER_PROTECTION_LAW,5
TAX_WORLDLANGUAGES_AFGHAN,5
WB_336_NON_BANK_FINANCIAL_INSTITUTIONS,5
TAX_WORLDLANGUAGES_TRUNG,5
TAX_WORLDMAMMALS_CATS,5
NATURAL_DISASTER_HEAVY_SNOWFALL,5
WB_2008_WATER_TREATMENT,5
TAX_FNCACT_BABIES,5
VETO,5
TAX_WORLDLANGUAGES_NEPALI,5
TAX_FNCACT_INSPECTOR,5
TAX_WORLDLANGUAGES_ANGIE,5
TAX_FNCACT_CENSUS_TAKERS,5
TAX_ETHNICITY_BAMARS,5
TAX_FNCACT_PHOTOGRAPHER,5
NATURAL_DISASTER_STRONG_WINDS,5
TAX_WEAPONS_MACHINE_GUNS,5
ECON_ELECTRICALGRID,5
TAX_FNCACT_ATTORNEYS,5
TAX_WORLDLANGUAGES_BHUTANESE,5
NATURAL_DISASTER_FLOODED,5
TAX_FOODSTAPLES_BANANAS,5
WB_2401_ICT_INNOVATION_METHODOLOGIES,5
NATURAL_DISASTER_WILDFIRES,5
TAX_TERROR_GROUP_NATIONAL_LIBERATION_FRONT,5
TAX_FOODSTAPLES_MAIZE,5
WB_1927_STRATEGIC_POLICY_PLANNING,5
WB_1451_ANTENATAL_AND_POSTNATAL_CARE,5
WB_1513_EDUCATION_POLICY_AND_PLANNING,5
TAX_DISEASE_CHOLERA,5
ECON_DEVELOPMENTORGS_UNOCHA,5
TAX_DISEASE_PLAGUE,5
TAX_ETHNICITY_NEPALI,5
EPU_POLICY_DEFICIT,5
TAX_FNCACT_SUPPORTER,5
WB_1122_TAX_EXPENDITURES,5
SEPARATISTS,5
TAX_DISEASE_DUMPING,5
TAX_POLITICAL_PARTY_NATIONAL_LIBERATION_FRONT,5
TAX_FNCACT_ESCORT,5
ECON_DEVELOPMENTORGS_WORLD_FOOD_PROGRAM,5
TAX_FNCACT_CHIEF_JUSTICE,5
WB_1245_FINANCIAL_VULNERABILITY_AND_RISKS,5
WB_2738_LABOR_EARNINGS,5
SOC_POINTSOFINTEREST_HIGH_SCHOOLS,5
WB_828_ELECTRONIC_PAYMENTS,5
WB_529_WIND_ENERGY,5
TAX_WORLDFISH_PANGA,5
TAX_WORLDFISH_TORPEDO,5
TAX_FNCACT_FARM_WORKER,5
WB_816_STRATEGIC_URBAN_PLANNING,5
TAX_FNCACT_TENANTS,5
TAX_ETHNICITY_KIRIBATI,5
TAX_WEAPONS_TORPEDO,5
TAX_FNCACT_ADVISERS,5
TAX_FNCACT_EDITORS,5
TAX_WORLDLANGUAGES_KIRIBATI,5
WB_1615_THERAPEUTIC,5
TAX_ETHNICITY_POLE,5
HUMAN_RIGHTS_ABUSES_ENFORCED_DISAPPEARANCE,5
SOC_POLARIZED,5
TAX_DISEASE_MOLE,5
WB_643_AGING_POPULATION,5
TAX_AIDGROUPS_UNITED_NATIONS_DEVELOPMENT_PROGRAMME,5
TAX_FNCACT_PRELATE,5
TAX_FNCACT_PORTERS,5
UNREST_MASS_ARREST,5
TAX_WEAPONS_MORTARS,5
TAX_FNCACT_TRAINER,5
WB_358_RETAIL_PAYMENTS,5
TAX_FNCACT_POLICE_CHIEF,5
TAX_WORLDLANGUAGES_NICOBAR,5
DISCRIMINATION_RACE_RACIST,5
SOC_POINTSOFINTEREST_HEALTH_CENTER,5
TAX_FNCACT_CONSUL,4
MIL_WEAPONS_PROLIFERATION,4
TAX_DISEASE_DISRUPTIVE,4
TAX_FNCACT_MERCHANT,4
TAX_ETHNICITY_MEND,4
TAX_WORLDFISH_KALUGA,4
TAX_FNCACT_SURGEON,4
TAX_ETHNICITY_MALAYALAM,4
WB_612_HOUSING_FINANCE,4
TAX_FNCACT_NATIONAL_LEADER,4
TAX_FNCACT_BOATMAN,4
TAX_RELIGION_METHODIST,4
WB_1042_TRADEMARKS,4
TAX_FNCACT_PHILANTHROPIST,4
TAX_FNCACT_SOCIAL_WORKERS,4
TAX_FNCACT_RESTAURATEUR,4
TAX_WEAPONS_PIPE_BOMB,4
ENV_SPECIESENDANGERED,4
WB_1156_MONITORING_AND_EVALUATION_SYSTEMS,4
WB_1802_MULTIMODAL_TRANSPORT,4
TAX_FNCACT_DRUMMER,4
TAX_FNCACT_DETECTIVES,4
TAX_WEAPONS_PIPE_BOMBS,4
TAX_WORLDMAMMALS_CARIBOU,4
ECON_SOVEREIGN_DEBT,4
TAX_WORLDMAMMALS_DEER,4
TAX_FNCACT_LOGISTICIAN,4
PIRACY,4
TAX_WORLDLANGUAGES_MALAYALAM,4
WB_829_FISCAL_DECENTRALIZATION,4
TAX_FNCACT_CREWMEN,4
TAX_FNCACT_GUNNER,4
TAX_FNCACT_WARDEN,4
WB_716_MANAGING_PUBLIC_FINANCES,4
TAX_ECON_FREETRADEAGREEMENTS_FREE_TRADE_AGREEMENT,4
WB_2065_EXTERNAL_AUDIT,4
TAX_ETHNICITY_COLOMBIAN,4
NATURAL_DISASTER_LOCUST,4
TAX_WORLDINSECTS_LOCUST,4
TAX_FNCACT_JURISTS,4
TAX_FNCACT_DEMONSTRATORS,4
TAX_DISEASE_SEIZURES,4
TAX_AGRICULHARMINSECTS_LOCUST,4
TAX_FNCACT_CLERK,4
NATURAL_DISASTER_ICY,4
TAX_FNCACT_LECTURERS,4
HUMAN_RIGHTS_ABUSES_ENFORCED_DISAPPEARANCES,4
TAX_FNCACT_RESEARCH_ASSISTANT,4
NATURAL_DISASTER_DEEP_FREEZE,4
TAX_FNCACT_FOOL,4
WB_2481_TRANSITIONAL_JUSTICE,4
TAX_WORLDBIRDS_BLUE_GROUSE,4
TAX_FNCACT_FEMINISTS,4
WB_756_VULNERABLE_GROUPS,4
TAX_WORLDLANGUAGES_SWEDISH,4
WB_2098_OUTSOURCING,4
TAX_WORLDFISH_SHARKS,4
TAX_FNCACT_CHIEF_OPERATING_OFFICER,4
TAX_WORLDCRUSTACEANS_SHRIMPS,4
WB_1619_EMERGENCY_CONDITIONS,4
TAX_WORLDLANGUAGES_SLOVAK,4
TAX_DISEASE_COMMUNICABLE_DISEASES,4
TAX_DISEASE_COMMUNICABLE,4
TAX_CHRONICDISEASE_ASTHMA,4
TAX_DISEASE_ASTHMA,4
WB_509_NUCLEAR_ENERGY,4
TAX_FNCACT_DELEGATE,4
TAX_FNCACT_PEASANTS,4
LEG_CONSTITUTIONALAMENDMENT,4
TAX_DISEASE_KIDNEY_DISEASE,4
TAX_DISEASE_HEART_FAILURE,4
TAX_FNCACT_INSPECTOR_GENERAL,4
WB_2066_PROJECT_CYCLE_MANAGEMENT,4
WB_921_SAFETY_NETS,4
WB_1859_CHILD_LABOR,4
TAX_WORLDLANGUAGES_TRIPURA,4
TAX_DISEASE_PARALYSIS,4
TAX_FNCACT_SEPARATIST,4
WB_2412_GAMIFICATION,4
TAX_WORLDFISH_SKATE,4
TAX_FNCACT_NONCOMMISSIONED_OFFICERS,4
WB_579_CLIMATE_CHANGE_MITIGATION,4
TAX_DISEASE_BIRD_FLU,4
INFRASTRUCTURE_BAD_ROADS,4
TAX_WORLDLANGUAGES_PALMA,4
TAX_ETHNICITY_ORTHODOX_CHRISTIAN,4
TAX_DISEASE_DEMENTIA,4
TAX_FNCACT_PAINTERS,4
TAX_WORLDLANGUAGES_GOLIATH,4
TAX_DISEASE_DEPRESSION,4
EMERG_FIELDHOSPITAL,4
NATURAL_DISASTER_EROSION,4
WB_1950_AGRICULTURE_TECHNOLOGY,4
TAX_RELIGION_ORTHODOX_CHRISTIAN,4
MANMADE_DISASTER_POWER_OUTAGE,4
TAX_WORLDLANGUAGES_GANGA,4
WB_872_SMART_CITIES,4
TAX_FNCACT_PROJECT_MANAGER,4
WB_1256_CREDIT_UNIONS,4
TAX_DISEASE_TWINNING,4
TAX_ETHNICITY_ASHANTI,4
TAX_FNCACT_CLERKS,4
TAX_WORLDMAMMALS_WILD_BOAR,4
TAX_WEAPONS_SMALL_ARMS_FIRE,4
TAX_FNCACT_HEAD_OF_STATE,4
TAX_WORLDLANGUAGES_ARBOR,4
TAX_FNCACT_COMMANDOS,4
TAX_ETHNICITY_TURKISH,4
TAX_FNCACT_MILITARY_CHAPLAINS,4
WB_2271_M_AND_E_IMPACT,4
TAX_WORLDLANGUAGES_ALABAMA,4
WB_1751_LIQUEFIED_NATURAL_GAS,4
TAX_WORLDBIRDS_CROW,4
TAX_FNCACT_BARTENDER,4
NATURAL_DISASTER_SMOG,4
TAX_WORLDLANGUAGES_SISAI,4
TAX_FNCACT_QUEENS,4
WB_2084_BIODIVERSITY,4
TAX_WEAPONS_DESTROYERS,4
WB_725_ORGANIZATIONAL_MANAGEMENT,4
TAX_FNCACT_TAXI_DRIVER,4
WB_1686_IMPACT_ASSESSMENT,4
WB_727_MONITORING_AND_EVALUATION,4
WB_729_PERFORMANCE_MANAGEMENT,4
TAX_WORLDINSECTS_ANT,4
NATURAL_DISASTER_CHILL,4
TAX_ETHNICITY_ACADIAN,4
TAX_WORLDLANGUAGES_TURKISH,4
TAX_DISEASE_RINGWORM,4
TAX_WORLDLANGUAGES_ACADIAN,4
TAX_TERROR_GROUP_NAGA_NATIONAL_COUNCIL,4
TAX_POLITICAL_PARTY_PEOPLE_PARTY,4
TAX_WORLDLANGUAGES_KOLAM,4
UNREST_CLOSINGBORDER,4
ECON_DEVELOPMENTORGS_ASIAN_DEVELOPMENT_BANK,4
TAX_TERROR_GROUP_REVOLUTIONARY_ARMY,4
TAX_ETHNICITY_ZHUANG,4
ECON_INTEREST_RATES,4
TAX_FNCACT_GOLD_MINERS,4
TAX_WORLDLANGUAGES_ZHUANG,4
TAX_FNCACT_ACCOUNTANTS,4
TAX_FNCACT_PRINCES,4
ENV_FORESTRY,4
WB_2845_HUMAN_CAPITAL_FLIGHT,4
TAX_FNCACT_LANDLORD,4
MED_MEDICALTOURISM,4
TAX_FNCACT_BOARD_MEMBERS,4
TAX_AIDGROUPS_ASIAN_DEVELOPMENT_BANK,4
ECON_DEVELOPMENTORGS_WORLD_BANK_GROUP,4
TAX_FNCACT_SEAMEN,4
WB_2416_INTERNET_OF_THINGS,4
WB_1041_PATENTS,4
WB_2737_EMPLOYEE_BENEFITS,4
TAX_RELIGION_SIKH,4
TAX_FNCACT_MIGRANT_WORKER,4
TAX_FNCACT_CAMPAIGNER,4
TAX_FNCACT_LECTURER,4
TAX_DISEASE_BACK_PAIN,4
TAX_FNCACT_MARSHAL,4
WB_798_LOCAL_AND_REGIONAL_ECONOMIC_DEVELOPMENT,3
WB_1854_METHANE,3
TAX_WORLDLANGUAGES_UYGHURS,3
TAX_FNCACT_MECHANICS,3
WB_364_CONSUMER_PROTECTION,3
ECON_WORLDCURRENCIES_US_DOLLAR,3
WB_1841_SHORT_LIVED_CLIMATE_POLLUTANTS,3
TAX_RELIGION_UYGHURS,3
TAX_FNCACT_CINEMATOGRAPHER,3
TAX_ETHNICITY_UYGHURS,3
TAX_ETHNICITY_MAYAN,3
NATURAL_DISASTER_HEAVY_WINDS,3
TAX_ETHNICITY_KENYANS,3
TAX_WORLDMAMMALS_AYE_AYE,3
TAX_FNCACT_REFORMERS,3
TAX_FNCACT_ORDERLY,3
WB_2290_OIL_AND_GAS_EXPORT,3
TAX_FNCACT_ARMY_OFFICERS,3
WB_154_FLOOD_PROTECTION,3
WB_1650_PUBLIC_EMPLOYMENT_SERVICES,3
WB_969_CAPITAL_MARKETS_LAW_AND_REGULATION,3
TAX_WORLDLANGUAGES_PATTANI,3
TAX_WORLDFISH_POW,3
WB_2732_SKILLED_WORKERS,3
SOC_POINTSOFINTEREST_ARMY_BASE,3
TAX_DISEASE_ANOMALY,3
TAX_FNCACT_SKILLED_WORKERS,3
TAX_FNCACT_TECHNICAL_DIRECTOR,3
ECON_WORLDCURRENCIES_SINGAPORE_DOLLAR,3
WB_1145_CONTINGENT_LIABILITIES,3
WB_853_FINANCIAL_LAWS_AND_REGULATIONS,3
NATURAL_DISASTER_TORNADO,3
WB_449_FISCAL_RISKS,3
TAX_MILITARY_TITLE_LIEUTENANT_COLONEL,3
WB_896_GEOLOGICAL_MAPPING_AND_DATABASES,3
TAX_RELIGION_LUTHERAN_CHURCH,3
MANMADE_DISASTER_TRAFFIC_ACCIDENT,3
TAX_RELIGION_SHAKER,3
TAX_FNCACT_REVEREND,3
TAX_FNCACT_ROBBERS,3
TAX_ETHNICITY_RAKHINES,3
TAX_WORLDLANGUAGES_RAKHINES,3
TAX_ETHNICITY_BENGALIS,3
TAX_WORLDLANGUAGES_BENGALIS,3
TAX_TERROR_GROUP_RESISTANCE_MOVEMENTS,3
SOC_QUARANTINE,3
WB_2363_MOBILE_APPLICATIONS,3
TAX_WORLDLANGUAGES_CHEDI,3
TAX_RELIGION_LUTHERAN,3
TAX_FNCACT_FABRICATOR,3
TAX_WORLDARACHNIDS_SPIDER,3
TAX_FNCACT_DISTRIBUTOR,3
TAX_WORLDFISH_PIKE,3
TAX_WORLDLANGUAGES_GREEN_RIVER,3
TAX_WORLDLANGUAGES_TIENE,3
TAX_WORLDMAMMALS_BROWN_BEARS,3
NATURAL_DISASTER_HURRICANES,3
TAX_FNCACT_BOXERS,3
TAX_FNCACT_FATHERS,3
TAX_FNCACT_GOVERNOR_GENERAL,3
NATURAL_DISASTER_HURRICANE,3
TAX_WORLDLANGUAGES_DAENG,3
NATURAL_DISASTER_VOLCANIC,3
WB_740_FORCED_DISPLACEMENT,3
SOC_TRAFFICACCIDENT,3
TAX_FNCACT_MEDIATOR,3
TAX_FNCACT_SAILORS,3
TAX_ETHNICITY_HILL_TRIBES,3
TAX_DISEASE_OVERWEIGHT,3
WB_2444_EARLY_MARRIAGE,3
SOC_EARLYMARRIAGE,3
WB_2286_GEOLOGICAL_SURVEY,3
TAX_DISEASE_SPINAL_INJURIES,3
TAX_WORLDREPTILES_TURTLES,3
WB_1435_OBESITY,3
TAX_FNCACT_SURGEONS,3
WB_1677_SOCIAL_PROTECTION_AND_LABOR_SYSTEMS,3
WB_1678_POLICY_PLANNING_DESIGN_AND_EVALUATION,3
WB_1683_POLICY_FRAMEWORK,3
TAX_ETHNICITY_MOROCCAN,3
TAX_TERROR_GROUP_UNLF,3
TAX_WORLDLANGUAGES_POR,3
TAX_FNCACT_REGULATORS,3
TAX_FNCACT_LIEUTENANT_COLONEL,3
TAX_FNCACT_CULPRITS,3
TAX_RELIGION_CONFUCIANISM,3
TAX_ETHNICITY_TIBETAN,3
TAX_WORLDLANGUAGES_NORTHERN_THAI,3
TAX_FNCACT_TUTOR,3
TAX_FNCACT_CENSORS,3
WB_1705_DISASTER_PREPAREDNESS,3
TAX_WORLDLANGUAGES_TIBETAN,3
TAX_FNCACT_CONGRESSMAN,3
TAX_FNCACT_PROOFREADER,3
TAX_FNCACT_DISTRICT_ATTORNEY,3
WB_1810_TRAFFIC_CONTROL_AND_MONITORING,3
TAX_DISEASE_ALZHEIMER,3
TAX_FNCACT_PIRATES,3
TAX_WORLDCRUSTACEANS_PRAWN,3
TAX_FNCACT_FIREFIGHTER,3
TAX_DISEASE_FATIGUE,3
TAX_FNCACT_PIRATE,3
TAX_FNCACT_HOTELIER,3
TAX_WORLDFISH_STINGRAY,3
TAX_FNCACT_CONSTABLE,3
WB_410_BUSINESS_LAW_AND_REGULATION,3
TAX_FNCACT_CHAIRWOMAN,3
TAX_FNCACT_BUREAUCRATS,3
TAX_WORLDMAMMALS_WOLF,3
WB_484_LIFELONG_LEARNING,3
WB_977_INVESTMENT_LAW,3
WB_877_ASSET_MANAGEMENT,3
WB_1907_PERSONAL_PROPERTY_RIGHTS,3
TAX_ETHNICITY_ARABS,3
WB_874_LOCAL_FINANCE,3
WB_2369_DATA_PRIVACY,3
WB_2668_INCOME_INEQUALITY,3
NATURAL_DISASTER_FLASH_FLOODS,3
TAX_ETHNICITY_ZOMI,3
TECH_SUPERCOMPUTING,3
NATURAL_DISASTER_MUDSLIDE,3
TAX_FNCACT_NONCOMBATANTS,3
WB_598_ENVIRONMENTAL_MANAGEMENT,3
WB_436_FORESTRY,3
NATURAL_DISASTER_HEAT_WAVES,3
WB_2194_ANIMAL_WELFARE,3
TAX_FNCACT_DEALER,3
TAX_FNCACT_CAPTAINS,3
TAX_FNCACT_BARD,3
SOC_POINTSOFINTEREST_AIR_FORCE_BASE,3
TAX_FNCACT_NURSE,3
EPU_CATS_FINANCIAL_REGULATION,3
TAX_FNCACT_ENTERTAINERS,3
TAX_AIDGROUPS_CHRISTIAN_AID,3
TAX_WORLDLANGUAGES_KUMARA,3
WB_1773_CLIMATE_CHANGE_IMPACTS,3
TAX_DISEASE_FINGERPRINTS,3
WB_2935_NICKEL,3
WB_571_CLIMATE_SCIENCE,3
TAX_FNCACT_WITCH,3
TAX_DISEASE_PLAQUE,3
TAX_WORLDLANGUAGES_POLISH,3
TAX_FNCACT_BARTENDERS,3
TAX_POLITICAL_PARTY_LIBERAL_PARTY,3
WB_406_COMPETITION_POLICY,3
GENERAL_PUBLIC_OPINION,3
TAX_FNCACT_SECURITY_OFFICER,3
TAX_ETHNICITY_HAWAIIAN,3
UNGP_JOB_OPPORTUNITIES_WORKING_CONDITIONS,3
TAX_WORLDLANGUAGES_HAWAIIAN,3
WB_1675_GRADUATION,3
TAX_DISEASE_TUMOR,3
TAX_FNCACT_NAVIGATOR,3
TAX_WORLDLANGUAGES_CHAUNGTHA,3
INTERNET_BLACKOUT,3
WB_663_GEOGRAPHIC_INFORMATION_SYSTEMS,3
TAX_WEAPONS_ANTITANK,3
TAX_TERROR_GROUP_AWAMI_LEAGUE,3
WB_2375_ICT_METHODS_AND_PROCEDURES,3
TAX_FNCACT_DIVER,3
TAX_FNCACT_UNEMPLOYED,3
TAX_FNCACT_BARBER,3
TAX_FNCACT_GENTLEMAN,3
WB_327_VULNERABILITY_AND_RISK_ASSESSMENTS,3
TAX_FNCACT_TRAVEL_AGENT,3
TAX_WORLDLANGUAGES_ADELE,3
WB_765_TRADE_COMPETITIVENESS_AND_DIVERSIFICATION,3
TAX_FNCACT_CORPORATE_EXECUTIVES,3
TAX_WEAPONS_MACHINE_GUN,3
WB_1490_PRIVATE_EDUCATION,3
TAX_FNCACT_CHANCELLOR,3
TAX_FNCACT_PHARMACIST,3
TAX_FNCACT_FIRE_CHIEF,3
TAX_FNCACT_ROLE_MODELS,3
TAX_POLITICAL_PARTY_SHAN_NATIONALITIES_LEAGUE,3
ECON_DEVELOPMENTORGS_WORLD_TRADE_ORGANIZATION,3
EPU_POLICY_WORLD_TRADE_ORGANIZATION,3
WB_1028_INTERNATIONAL_BOUNDARIES,3
TAX_WORLDLANGUAGES_ASMAT,3
TAX_ETHNICITY_ASIANS,3
TAX_POLITICAL_PARTY_KUOMINTANG,3
WB_1050_AQUACULTURE,3
WB_511_COAL_FIRED_POWER,3
TAX_FNCACT_NOBLE,3
TAX_POLITICAL_PARTY_DEMOCRATIC_PARTY,3
WB_498_EDUCATION_FINANCE,3
TAX_CHRONICDISEASE_ALZHEIMER,3
TAX_FNCACT_ADMINISTRATIVE_OFFICIALS,3
UNREST_ULTIMATUM,3
TAX_POLITICAL_PARTY_DEMOCRAT,3
TAX_WORLDLANGUAGES_DURGA,3
TAX_FNCACT_PRIME_MINISTERS,3
WB_999_PPP_IN_IRRIGATION,3
TAX_FNCACT_NOMINEES,3
TAX_FNCACT_SHOWGIRL,3
WB_2206_PUBLIC_PRIVATE_PARTNERSHIPS,3
WB_2207_THEMATIC_BASED_PPPS,3
WB_655_INFORMATION_MANAGEMENT,3
TAX_FNCACT_ASSISTANTS,3
WB_1540_ECONOMICS_OF_EDUCATION,3
TAX_WORLDLANGUAGES_BANGLA,3
WB_653_ENTERPRISE_ARCHITECTURE,3
TAX_WORLDLANGUAGES_PHUONG,2
ECON_CURRENCY_RESERVES,2
TAX_ETHNICITY_MAURITANIA,2
ECON_WORLDCURRENCIES_PESOS,2
TAX_FNCACT_DOMESTIC_HELP,2
TAX_DISEASE_DENGUE_FEVER,2
TAX_RELIGION_GREEK_ORTHODOX,2
TAX_ETHNICITY_CREOLE,2
TAX_FNCACT_EXCAVATORS,2
TAX_WORLDLANGUAGES_SANTAL,2
TAX_DISEASE_PARKINSON_DISEASE,2
TAX_FNCACT_COUNSELORS,2
TAX_FOODSTAPLES_SOYBEANS,2
TAX_FNCACT_FOOT_SOLDIERS,2
TAX_WORLDLANGUAGES_RENGMA,2
TAX_FNCACT_STAFF_MEMBER,2
CRISISLEX_T05_MONEY,2
MANMADE_DISASTER_WITHOUT_ELECTRICITY,2
TAX_FNCACT_SECTION_HEAD,2
TAX_DISEASE_BIPOLAR_DISORDER,2
TAX_WORLDLANGUAGES_SINHALA,2
TAX_DISEASE_DENGUE,2
TAX_FNCACT_AEROBICS_INSTRUCTOR,2
TAX_FNCACT_SCRIBE,2
WB_891_LAND_REFORM,2
TAX_WORLDLANGUAGES_SIAMESE,2
TAX_ETHNICITY_SANTAL,2
TAX_WORLDLANGUAGES_PONTIC,2
TAX_FNCACT_SETTLERS,2
TAX_ETHNICITY_HAN_CHINESE,2
TAX_DISEASE_SCHIZOPHRENIA,2
WB_2669_PREMATURE_DEATH,2
TAX_WORLDLANGUAGES_CREOLE,2
TAX_WORLDLANGUAGES_ZENANG,2
TAX_WORLDINSECTS_BEES,2
TAX_WORLDINSECTS_MITES,2
TAX_AGRICULHARMINSECTS_MITES,2
TAX_WORLDARACHNIDS_MITES,2
TAX_WORLDLANGUAGES_KASHMIRI,2
TAX_ETHNICITY_KASHMIRI,2
TAX_WORLDLANGUAGES_LOMBOK,2
TAX_WORLDLANGUAGES_SUNDA,2
TAX_WORLDLANGUAGES_AMMAR,2
TAX_WEAPONS_WATER_CANNON,2
TAX_FNCACT_DECISION_MAKER,2
TAX_WORLDLANGUAGES_CHONE,2
SOC_SUSPICIOUSACTIVITY,2
TAX_FNCACT_LEGISLATORS,2
TAX_WORLDLANGUAGES_BAL,2
JIHAD,2
TAX_WORLDMAMMALS_GIRAFFE,2
TAX_FNCACT_CHAIRPERSONS,2
SOC_POINTSOFINTEREST_NAVY_BASE,2
TAX_WORLDLANGUAGES_PALIN,2
TAX_WORLDMAMMALS_BAT,2
WB_1247_MARKET_RISKS,2
TAX_DISEASE_HYPERTENSION,2
TAX_WORLDINSECTS_HONEY_BEES,2
WB_1285_BUSINESS_TAXATION,2
WB_883_TAX_INCENTIVES,2
TAX_POLITICAL_PARTY_REPUBLICANS,2
TAX_FNCACT_CADDIE,2
TAX_WEAPONS_PISTOLS,2
TAX_WORLDINSECTS_BEE,2
TAX_ECON_FREETRADEAGREEMENTS_FREE_TRADE_AGREEMENTS,2
TAX_WORLDFISH_EELS,2
MANMADE_DISASTER_FIRE_TRUCK,2
TAX_CHRONICDISEASE_POOR_HEALTH,2
TAX_WORLDMAMMALS_GOLDEN_RETRIEVER,2
TAX_WORLDFISH_HALFMOON,2
TAX_FNCACT_POLITICAL_LEADER,2
TAX_WORLDLANGUAGES_BABRI,2
TAX_FNCACT_SECRET_SERVICE_AGENT,2
TAX_FNCACT_COMMANDING_OFFICER,2
TAX_FNCACT_CASHIER,2
NATURAL_DISASTER_WINDSTORM,2
TAX_FNCACT_HACKER,2
TAX_AIDGROUPS_AMERICAN_RED_CROSS,2
TAX_RELIGION_SIKHISM,2
TAX_ETHNICITY_TAMA,2
TAX_FNCACT_PAINTER,2
TAX_FNCACT_DEMIGOD,2
TAX_FNCACT_SOCIOLOGIST,2
TAX_FNCACT_TEMPORARY_WORKERS,2
WHISTLEBLOWER,2
WB_2101_ANTITRUST,2
WB_990_DRAINAGE,2
TAX_ETHNICITY_MIZOS,2
AUSTERITY,2
WB_1074_FISCAL_CONTRACTION,2
WB_1072_FISCAL_POLICY_AND_GROWTH,2
TAX_FNCACT_ARISTOCRAT,2
TAX_MILITARY_TITLE_CHIEF_CONSTABLE,2
TAX_WORLDLANGUAGES_COMOROS,2
WB_2884_INCLUSIVE_JOBS,2
WB_2889_MINORITIES_AND_DISENFRANCHISED_GROUPS_AND_JOBS,2
TAX_TERROR_GROUP_PEOPLES_LIBERATION_ARMY,2
TAX_DISEASE_HEART_ATTACK,2
TAX_DISEASE_DEHYDRATION,2
TAX_FNCACT_BEAUTICIAN,2
SOC_DEGRADINGTREATMENT,2
TAX_WEAPONS_FLARE,2
TAX_FNCACT_BUTCHER,2
INFO_HOAX,2
MANMADE_DISASTER_EMERGENCY_LANDING,2
WB_2890_AFFIRMATIVE_ACTION,2
TAX_FNCACT_SERVANT,2
WB_2133_QUALIFICATION_FRAMEWORKS,2
TAX_AIDGROUPS_INTERNATIONAL_FINANCE_CORPORATION,2
ECON_DEVELOPMENTORGS_INTERNATIONAL_FINANCE_CORPORATION,2
WB_2822_LIFELONG_EDUCATION,2
ECON_WORLDCURRENCIES_CAMBODIAN_RIEL,2
TAX_FNCACT_EVENT_PLANNERS,2
TAX_ETHNICITY_BLACKS,2
TAX_WORLDFISH_BURI,2
SOC_CHRONICDISEASE,2
TAX_DISEASE_AMPUTATION,2
TAX_FNCACT_CHIEF_CONSTABLE,2
WB_570_EARLY_WARNING_SYSTEMS,2
WB_568_CLIMATE_SERVICES,2
TAX_FNCACT_TENANT,2
TAX_WORLDMAMMALS_LEOPARD,2
TAX_FNCACT_STAFFERS,2
SOC_POINTSOFINTEREST_MIDDLESCHOOL,2
TAX_FNCACT_FUNCTIONARIES,2
TAX_FNCACT_RABBI,2
TAX_FNCACT_BUSINESS_LEADERS,2
TAX_FNCACT_BREADWINNERS,2
TAX_WORLDLANGUAGES_SURMA,2
WB_1652_PLACEMENT,2
TAX_DISEASE_DYSENTERY,2
TAX_WORLDBIRDS_BLUE_JAY,2
NATURAL_DISASTER_ERUPTION,2
TAX_ETHNICITY_CHOPS,2
SLFID_MILITARY_READINESS,2
TAX_ETHNICITY_KENYAN,2
TAX_AIDGROUPS_CHURCH_WORLD_SERVICES,2
TAX_TERROR_GROUP_ISIS,2
WB_2442_SEXUAL_TRAFICKING,2
TAX_FNCACT_ASSOCIATE_DIRECTOR,2
TAX_ETHNICITY_VENEZUELAN,2
TAX_FNCACT_VICEROY,2
TAX_WORLDLANGUAGES_NYANGA,2
TAX_WEAPONS_FIREARM,2
TAX_FNCACT_BARONESS,2
TAX_WORLDLANGUAGES_SANAM,2
TAX_WORLDLANGUAGES_MALAYALIS,2
TAX_DISEASE_APPENDICITIS,2
TAX_TERROR_GROUP_RASHTRIYA_SWAYAMSEVAK_SANGH,2
TAX_WORLDLANGUAGES_SANSKRIT,2
TAX_WORLDLANGUAGES_CASTELLANO,2
NATURAL_DISASTER_SEVERE_COLD,2
TAX_WORLDLANGUAGES_ARABIC,2
WB_2520_REPARATIONS,2
TAX_FNCACT_WAITERS,2
TAX_FNCACT_POLITICO,2
TAX_FNCACT_AVIATORS,2
TAX_WORLDLANGUAGES_INGLIS,2
SOC_EXPRESSSUPPORT,2
ECON_TRADE_DISPUTE,2
TAX_FNCACT_PATRIARCH,2
TAX_TERROR_GROUP_PEOPLES_DEFENSE_FORCES,2
NATURAL_DISASTER_EXTREME_WEATHER,2
WB_2750_LABOR_FORCE,2
TAX_FNCACT_TRADESMAN,2
TAX_WORLDLANGUAGES_PIDGIN,2
SOC_POINTSOFINTEREST_GOVERNMENT_BUILDINGS,2
WB_833_INSTITUTIONAL_REFORM,2
WB_802_GREEN_CITIES,2
TAX_FNCACT_WARRIOR,2
SLUMS,2
TAX_FNCACT_SOCIAL_WORKER,2
ENV_BIOFUEL,2
TAX_FNCACT_FIRE_MARSHAL,2
WB_512_GAS_FIRED_POWER,2
URBAN_SPRAWL,2
WB_1510_SCHOOL_ADMINISTRATION,2
TAX_WORLDFISH_HAMLET,2
GOV_STATE_FAILURE,2
TAX_FNCACT_SEX_WORKERS,2
TAX_WORLDMAMMALS_DOLPHINS,2
TAX_TERROR_GROUP_UNITED_PEOPLE_FRONT,2
TAX_FNCACT_COMPLIANCE_OFFICER,2
WB_1463_HEALTH_EDUCATION,2
TAX_DISEASE_MUSCLE_ATROPHY,2
TAX_DISEASE_JOINT_INSTABILITY,2
TAX_DISEASE_DEGENERATIVE_JOINT_DISEASE,2
TAX_DISEASE_SYNOVIAL,2
TAX_POLITICAL_PARTY_UNITY_PARTY,2
TAX_WORLDFISH_COBBLER,2
TAX_FNCACT_COBBLER,2
TAX_FNCACT_CRAB_FISHERMEN,2
TAX_WORLDFISH_HERRING,2
WB_2701_UNPAID_WORK,2
TAX_FNCACT_ATHLETE,2
TAX_DISEASE_HEAT_EXHAUSTION,2
TAX_WORLDLANGUAGES_MENDE,2
TAX_ETHNICITY_MENDE,2
TAX_ETHNICITY_CANADIANS,2
NATURAL_DISASTER_BLIZZARDS,2
TAX_ETHNICITY_SALISH,2
TAX_AIDGROUPS_CARITAS_INTERNATIONALIS,2
WB_1308_PALLIATIVE_CARE,2
TAX_FNCACT_PRELATES,2
TAX_WORLDLANGUAGES_SALISH,2
TAX_FNCACT_WINEMAKER,2
WB_2201_FIRE_OCCUPATIONAL_SAFETY,2
WB_2083_OCCUPATIONAL_HEALTH_AND_SAFETY,2
TAX_DISEASE_POISONING,2
TAX_DISEASE_LEAD_POISONING,2
ECON_WORLDCURRENCIES_FRANC,2
TAX_DISEASE_TONIC,2
TAX_FNCACT_ROLE_MODEL,2
TAX_FNCACT_COPILOT,2
TAX_WORLDLANGUAGES_SAMARITAN,2
TAX_FNCACT_SCIENTIST,2
TAX_DISEASE_MISCARRIAGE,2
TAX_WORLDLANGUAGES_DEHONG,2
TAX_TERROR_GROUP_ROHINGYA_SOLIDARITY_ORGANIZATION,2
TAX_ETHNICITY_NEPALESE,2
TAX_WORLDLANGUAGES_PANDAN,2
WB_1959_LINKING_FARMERS_WITH_MARKETS,2
WB_194_AGRICULTURAL_SUPPLY_CHAIN,2
WB_2132_APPRENTICESHIP,2
TAX_FNCACT_CONCIERGE,2
TAX_WORLDREPTILES_ALLIGATOR,2
TAX_WORLDFISH_POACHERS,2
TAX_WORLDFISH_TROUT,2
TAX_DISEASE_COUGH,2
TAX_FNCACT_ELECTED_OFFICIALS,2
TAX_ETHNICITY_AUSTRIAN,2
TAX_FNCACT_SPIRITUAL_LEADERS,2
TAX_WORLDLANGUAGES_BAGHI,2
TAX_FNCACT_UNION_MEMBERS,2
TAX_FNCACT_ENFORCERS,2
WB_1461_HEALTHY_LIFESTYLES,2
WB_1922_GOVERNANCE_STRUCTURES,2
TAX_ETHNICITY_BHOJPURI,2
TAX_WORLDLANGUAGES_BHOJPURI,2
TAX_FNCACT_REFORMER,2
TAX_FNCACT_AIDES,2
RETIREMENTS,2
TAX_DISEASE_ABDOMINAL_PAIN,2
MANMADE_DISASTER_PLANE_CRASH,2
TAX_FNCACT_INDUSTRIALIST,2
WB_757_STREET_CHILDREN,2
SOC_POINTSOFINTEREST_ARMY_BASES,2
WB_1960_FARM_INPUTS,2
TAX_WORLDLANGUAGES_NEPALESE,2
TAX_ETHNICITY_FIJIAN,2
TAX_FNCACT_COLUMNIST,2
WB_1707_CONTINGENCY_PLANNING,2
WB_494_EDUCATION_AND_ICT,2
TAX_ETHNICITY_MES,2
ECON_WORLDCURRENCIES_AUSTRALIAN_DOLLAR,2
TAX_FNCACT_COMMANDANT,2
TAX_MILITARY_TITLE_COMMANDANT,2
TAX_FNCACT_HOUSEWIFE,2
REL_ANTISEMITISM,2
TAX_FNCACT_HEADMASTER,2
TAX_FNCACT_HERMIT,2
TAX_WORLDLANGUAGES_FIJIAN,2
WB_1625_SUPPORT_SERVICES,2
TAX_POLITICAL_PARTY_PROGRESSIVE_PARTY,2
TAX_WORLDLANGUAGES_PADAUNG,2
TAX_RELIGION_METHODISTS,2
TAX_WORLDLANGUAGES_MUNSHI,2
WB_1468_SOCIAL_DEMAND_FOR_EDUCATION,2
TAX_FNCACT_FIELD_MARSHAL,2
TAX_RELIGION_BAPTISTS,2
TAX_MILITARY_TITLE_SECOND_LIEUTENANT,2
TAX_FNCACT_SECOND_LIEUTENANT,2
TAX_WORLDLANGUAGES_MUNDUS,2
TAX_TERROR_GROUP_PEOPLE_LIBERATION_FORCE,2
ECON_BANKRUPTCY,2
WB_595_DRYLANDS,2
TAX_RELIGION_MOSQUES,2
TAX_WORLDLANGUAGES_QATARI,2
TAX_DISEASE_PALLOR,2
ECON_INFORMAL_ECONOMY,2
NATURAL_DISASTER_TYPHOON,2
TAX_WORLDLANGUAGES_MISHMI,2
WB_2615_DIVERSIFICATION_OF_PRODUCTION_AND_EXPORTS,2
TAX_WORLDLANGUAGES_ASSAMESE,2
TAX_ETHNICITY_ASSAMESE,2
EXHUMATION,2
TAX_FNCACT_EXPLORER,2
TAX_FNCACT_MAYORS,2
WB_1317_RURAL_HEALTH,2
TAX_FNCACT_CHOREOGRAPHER,2
MOVEMENT_ENVIRONMENTAL,2
TAX_FNCACT_DISPATCHER,2
TAX_WORLDLANGUAGES_BANDA,2
WB_1455_MIDWIVES,2
WB_904_HOUSING_MARKETS,2
TAX_FNCACT_MIDWIFE,2
WB_817_LAND_AND_HOUSING,2
TAX_DISEASE_AUTOIMMUNE_DISEASES,2
TAX_FNCACT_ACTRESSES,2
TAX_FNCACT_PROPHET,2
TAX_FNCACT_CHARGE_DAFFAIRES,2
TAX_WORLDLANGUAGES_KAMAN,2
TAX_WORLDLANGUAGES_MONGOLIAN,2
TAX_DISEASE_KIDNEY_STONES,2
TAX_POLITICAL_PARTY_WORKERS_PARTY,2
SLFID_ECONOMIC_POWER,2
TAX_ETHNICITY_HILL_TRIBE,2
TAX_WORLDLANGUAGES_RAWANG,2
WB_1765_CULTURE_HERITAGE_AND_SUSTAINABLE_TOURISM,2
TAX_ETHNICITY_LISU,2
TAX_DISEASE_HEPATITIS_B,2
TAX_FNCACT_TEACHING_ASSISTANT,2
TAX_ETHNICITY_NATIVE_AMERICAN,2
TAX_TERROR_GROUP_PEOPLE_LIBERATION_ARMY_OF_MANIPUR,2
TAX_WORLDLANGUAGES_CAMBODIANS,2
TAX_WORLDLANGUAGES_MASSACHUSETTS,2
TAX_FNCACT_DAY_LABOURERS,2
TAX_TERROR_GROUP_UNITED_LIBERATION_FRONT_OF_ASOM,2
WB_2362_COMMUNITY_MAPPING,2
TAX_AIDGROUPS_RED_CRESCENT_MOVEMENT,2
TAX_FNCACT_TREASURER,2
TAX_TERROR_GROUP_KANGLEIPAK_COMMUNIST_PARTY,2
TAX_TERROR_GROUP_NATIONAL_SOCIALIST_COUNCIL_OF_NAGALAND,2
TAX_TERROR_GROUP_HYNNIEWTREP_NATIONAL_LIBERATION_COUNCIL,2
NATURAL_DISASTER_ERUPTIONS,2
WB_2386_BROADCASTING_POLICY_AND_STRATEGY,2
TAX_FNCACT_CRUSADER,2
DISCRIMINATION_RACE_RACISM,2
TAX_WORLDLANGUAGES_DANISH,2
TAX_FNCACT_CTO,2
TAX_WEAPONS_CRUISE_MISSILE,2
TAX_FNCACT_ARMY_OFFICER,2
TAX_FNCACT_METEOROLOGIST,2
TAX_FNCACT_FACTORY_WORKERS,2
TAX_DISEASE_TUMOUR,2
WB_1698_COAL_MINING,2
NATURAL_DISASTER_HEAVY_RAIN,2
TAX_FNCACT_CAMERAMAN,2
TAX_FNCACT_DANCE_INSTRUCTOR,2
TAX_WORLDLANGUAGES_SERBIAN,2
WB_2744_LIVING_WAGES,2
NATURAL_DISASTER_TEMBLOR,2
TAX_WORLDLANGUAGES_PHONG,2
TAX_WORLDLANGUAGES_MAMUJU,2
TAX_WORLDLANGUAGES_ZEDONG,2
TAX_FNCACT_THE_CENSOR,2
TAX_WORLDMAMMALS_LIONS,2
TAX_FNCACT_OUTLAW,2
TAX_FNCACT_ANGLER,2
TAX_FNCACT_BUILDER,2
TAX_WORLDFISH_ANGLER,2
TAX_WORLDFISH_ANCHOVY,2
TAX_FNCACT_EDUCATOR,2
TAX_FNCACT_HOTEL_MANAGER,2
TAX_FNCACT_SECRETARIES,2
TAX_DISEASE_LUNG_CANCER,2
WB_983_TAX_POLICY,2
TAX_FNCACT_PREACHER,2
TAX_FNCACT_PEASANT,2
MANMADE_DISASTER_CAR_CRASH,2
TAX_DISEASE_PULMONARY_DISEASE,2
TAX_FNCACT_SHOPKEEPER,2
TAX_WORLDMAMMALS_WHALE,2
TAX_FNCACT_ZOOKEEPERS,2
TAX_FNCACT_MAILMAN,2
TAX_FNCACT_CULPRIT,2
TAX_WORLDINSECTS_DELIA,1
TAX_WORLDLANGUAGES_ICELANDIC,1
TAX_POLITICAL_PARTY_CHRISTIAN_DEMOCRATIC_UNION,1
ECON_WORLDCURRENCIES_HONG_KONG_DOLLARS,1
TAX_WORLDLANGUAGES_NYANG,1
TAX_SPECIAL_ISSUES_OBAMACARE,1
CRM_BOMBTHREAT,1
TAX_WORLDLANGUAGES_GEORGIAN,1
WB_2171_NURSING_HOMES,1
TAX_WORLDLANGUAGES_NOTRE,1
TAX_FNCACT_PLOUGHMAN,1
TAX_AGRICULHARMINSECTS_DELIA,1
TAX_ETHNICITY_GEORGIAN,1
TAX_POLITICAL_PARTY_COMMUNIST_PARTY_OF_VIETNAM,1
TAX_FNCACT_WATERMAN,1
TAX_FNCACT_PATRIARCHS,1
TAX_FNCACT_CLERGYMAN,1
TAX_SPECIAL_ISSUES_AFFORDABLE_CARE_ACT,1
TAX_DISEASE_CHRONIC_DISEASE,1
TAX_WORLDLANGUAGES_GALLO,1
TAX_FNCACT_VIGILANTES,1
TAX_WORLDLANGUAGES_KASANGA,1
TAX_FNCACT_EXECUTIVE_SECRETARY,1
WB_809_RESILIENT_CITIES,1
TAX_FNCACT_THE_GROOM,1
WB_867_CITIES_AND_CONFLICT,1
TAX_FNCACT_HOOKER,1
TAX_FNCACT_CALLIGRAPHER,1
TAX_WORLDLANGUAGES_SALAS,1
TAX_WORLDLANGUAGES_IFUGAO,1
TAX_FNCACT_EVANGELISTS,1
TAX_FNCACT_YEOMAN,1
TAX_WORLDLANGUAGES_MANOUCHE,1
TAX_WORLDFISH_ALBACORE,1
TAX_CHRONICDISEASE_CHRONIC_DISEASE,1
TAX_WORLDFISH_ANCHOVIES,1
TAX_WORLDLANGUAGES_NGARI,1
TAX_ETHNICITY_TIGRAY,1
TAX_WORLDLANGUAGES_LEVANTINE,1
TAX_FOODSTAPLES_PLANTAINS,1
TAX_FNCACT_LANDLORDS,1
TAX_FNCACT_MATCHMAKER,1
TAX_AIDGROUPS_JESUIT_REFUGEE_SERVICE,1
TAX_DISEASE_CONTAGIOUS,1
TAX_FNCACT_COMMODORES,1
TAX_FNCACT_BOAT_PEOPLE,1
TAX_DISEASE_JAUNDICE,1
TAX_FNCACT_SPECIAL_AGENT,1
GOV_REFORM,1
TAX_FNCACT_PREFECT,1
TAX_WORLDLANGUAGES_AFGHANS,1
DISCRIMINATION_LGBT_HOMOPHOBIC,1
TAX_WORLDCRUSTACEANS_CRUSTACEAN,1
TAX_FNCACT_CAB_DRIVER,1
TAX_DISEASE_LIVER_FAILURE,1
WB_2969_SOCIAL_CONFLICT,1
TAX_DISEASE_NAUSEA,1
ECON_DIESELPRICE,1
TAX_WORLDCRUSTACEANS_CRUSTACEANS,1
TAX_WORLDLANGUAGES_KAMAU,1
SOC_POINTSOFINTEREST_DISPLACED_PERSON_CAMP,1
TAX_DISEASE_DEAFNESS,1
ECON_NATIONALIZE,1
TAX_FNCACT_FELON,1
TAX_DISEASE_BLOOD_LOSS,1
WB_751_SOCIAL_INSURANCE,1
TAX_WORLDLANGUAGES_MARMA,1
TAX_WORLDLANGUAGES_SINHALESE,1
TAX_ETHNICITY_SINHALESE,1
TAX_FNCACT_SHAMAN,1
WB_521_ENERGY_ACCESS,1
GOV_FOIA,1
TAX_AIDGROUPS_FEDERAL_EMERGENCY_MANAGEMENT_AGENCY,1
TAX_WORLDLANGUAGES_HEBREW,1
TAX_ETHNICITY_HAITIAN,1
WB_1703_POWER_DISTRIBUTION,1
WB_582_GREENHOUSE_GAS_ACCOUNTING,1
WB_1877_RURAL_ELECTRIFICATION,1
HUMAN_RIGHTS_ABUSES_MASS_GRAVES,1
LEGALIZE,1
WB_752_CONTRIBUTORY_BENEFITS,1
WB_1649_UNEMPLOYMENT_BENEFITS,1
TAX_WORLDLANGUAGES_BARUA,1
TAX_WORLDLANGUAGES_JAWAN,1
TAX_WORLDLANGUAGES_HUALNGO,1
TAX_WORLDFISH_MARLIN,1
TAX_TERROR_GROUP_ZOMI_REVOLUTIONARY_ARMY,1
TAX_RELIGION_PARSI,1
WB_2370_DATA_SECURITY,1
TAX_FNCACT_WIZARD,1
TAX_DISEASE_ILLUSIONS,1
TAX_WORLDINSECTS_MITE,1
TAX_AGRICULHARMINSECTS_MITE,1
TAX_WORLDARACHNIDS_MITE,1
TAX_FNCACT_ANCHORMAN,1
TAX_FNCACT_MAIDS,1
TAX_WORLDLANGUAGES_PARSI,1
TAX_ETHNICITY_QUEBECOIS,1
TAX_FNCACT_CABINET_MINISTER,1
TAX_FNCACT_LABORER,1
DISCRIMINATION_RELIGION_RELIGIOUS_DISCRIMINATION,1
TAX_FNCACT_STAFF_MEMBERS,1
WB_1278_BUSINESS_ENTRY_AND_STARTUP,1
WB_2608_TRADE_IN_GOODS,1
WB_2607_COMPETITIVENESS_DIAGNOSTICS,1
WB_2164_EPIDEMIOLOGY_AND_DISEASE_SURVEILLANCE,1
WB_1504_EDUCATION_MANAGEMENT_INFORMATION_SYSTEMS,1
TAX_FNCACT_POLICEWOMAN,1
TAX_POLITICAL_PARTY_CONSTITUTIONAL_DEMOCRATIC_PARTY,1
TAX_FNCACT_PLAYWRIGHT,1
TAX_POLITICAL_PARTY_DEMOCRATIC_PARTY_OF_JAPAN,1
NATURAL_DISASTER_FLASH_FLOOD,1
ECON_WORLDCURRENCIES_YEN,1
TAX_FNCACT_PRISON_CHAPLAIN,1
TAX_WORLDLANGUAGES_GAMBA,1
TAX_RELIGION_ANGLICAN_CHURCH,1
WB_1522_EDUCATION_INDICATORS_AND_STATISTICS,1
WB_684_HEALTH_MANAGEMENT_INFORMATION_SYSTEMS,1
WB_1452_FAMILY_PLANNING,1
TAX_WORLDREPTILES_LIZARDS,1
TAX_TERROR_GROUP_BLACK_PANTHER,1
TAX_DISEASE_ANOMIA,1
TAX_WEAPONS_INCENDIARY_DEVICES,1
TAX_FNCACT_STUNT_DOUBLE,1
TAX_FNCACT_ANNOUNCER,1
TAX_FNCACT_INSPECTORS,1
TAX_RELIGION_BUDDHIST_MONK,1
TAX_DISEASE_CATARACT,1
WB_1445_STUNTING,1
UNGP_SUPPORT_FOR_PEOPLE_WHO_CANT_WORK,1
TAX_FNCACT_GRADER,1
WB_1444_GROWTH_MONITORING,1
TAX_WORLDFISH_SWALLOWER,1
TAX_DISEASE_BACK_INJURIES,1
TAX_FNCACT_ALTAR_BOY,1
TAX_DISEASE_DIZZINESS,1
TAX_FNCACT_YOUNGSTER,1
TAX_RELIGION_SHINTO,1
TAX_WORLDMAMMALS_FISHERS,1
TAX_FNCACT_JANITOR,1
TAX_WORLDLANGUAGES_BIHARI,1
TAX_TERROR_GROUP_REVOLUTIONARY_FRONT,1
WB_973_HEALTH_LAWS_AND_REGULATIONS,1
TAX_FNCACT_VISCOUNT,1
WB_1385_GOVERNANCE_AND_STEWARDSHIP,1
ECON_WORLDCURRENCIES_NEW_TAIWAN_DOLLAR,1
TAX_FNCACT_FRUITIER,1
ECON_DEVELOPMENTORGS_JAPAN_INTERNATIONAL_COOPERATION_AGENCY,1
TAX_WORLDLANGUAGES_KHASI,1
TAX_WORLDMAMMALS_ASIAN_ELEPHANT,1
TAX_AIDGROUPS_JAPAN_INTERNATIONAL_COOPERATION_AGENCY,1
TAX_ETHNICITY_MALDIVIAN,1
TAX_TERROR_GROUP_GURKHA_NATIONAL_LIBERATION_FRONT,1
TAX_ETHNICITY_EAST_INDIAN,1
TAX_WEAPONS_GUNBOATS,1
NATURAL_DISASTER_DROWN,1
TAX_ETHNICITY_BIHARI,1
TAX_ETHNICITY_KHASI,1
WB_827_MOBILE_MONEY,1
TAX_TERROR_GROUP_UNITED_NATIONAL_LIBERATION_FRONT,1
TAX_FNCACT_INTERPRETERS,1
WB_2140_INSPECTORATE,1
TAX_WORLDLANGUAGES_SCOTS,1
TAX_WORLDLANGUAGES_AMARA,1
TAX_FNCACT_FINANCE_MINISTER,1
TAX_FNCACT_CHIEFS_OF_STAFF,1
TAX_ETHNICITY_AMARA,1
WB_942_ACCESS_TO_JUSTICE,1
TAX_DISEASE_LACERATIONS,1
TAX_DISEASE_REMISSION,1
TAX_POLITICAL_PARTY_NEPALI_CONGRESS,1
WB_1284_INVESTMENT_INCENTIVES,1
WB_769_INVESTMENT_POLICY,1
TAX_WORLDLANGUAGES_TALAI,1
ECON_PRICEGOUGE,1
WB_2727_MALE_WORKERS,1
TAX_DISEASE_CHILLS,1
TAX_TERROR_GROUP_NATIONAL_LIBERATION_FORCE,1
TAX_WORLDMAMMALS_WILDCAT,1
TAX_WORLDLANGUAGES_SHER,1
TAX_DISEASE_INFLUENZA,1
TAX_FOODSTAPLES_LEGUMES,1
ECON_WORLDCURRENCIES_HONG_KONG_DOLLAR,1
TAX_FNCACT_REGULATOR,1
SOC_POINTSOFINTEREST_FIRE_STATION,1
TAX_FNCACT_BURGLARS,1
TAX_WORLDLANGUAGES_GAMBAS,1
ECON_ELECTRICALPRICE,1
AID_ECONOMIC,1
ECON_WORLDCURRENCIES_BRUNEI_DOLLAR,1
TAX_WORLDLANGUAGES_SUNDANESE,1
TAX_WEAPONS_AIRCRAFT_CARRIERS,1
TAX_DISEASE_EPILEPSY,1
TAX_TERROR_GROUP_FREE_PAPUA_MOVEMENT,1
TAX_TERROR_GROUP_REVOLUTIONARY_FRONT_FOR_AN_INDEPENDENT,1
TAX_FNCACT_CHEERLEADERS,1
TAX_TERROR_GROUP_TALIBANS,1
TAX_WORLDLANGUAGES_WICHITA,1
TAX_TERROR_GROUP_ABU_HASSAN,1
WB_2424_ICT_AND_FINANCIAL_SECTOR,1
WB_2420_ICT_FOR_JOBS,1
TAX_WORLDLANGUAGES_TAI_LUE,1
TAX_FOODSTAPLES_SWEET_POTATOES,1
TAX_WORLDLANGUAGES_MALDIVIAN,1
TAX_ETHNICITY_MACANESE,1
TAX_FNCACT_SEPARATISTS,1
TAX_WORLDLANGUAGES_MACANESE,1
TAX_TERROR_GROUP_UNITED_LAO_NATIONAL_LIBERATION_FRONT,1
TAX_AIDGROUPS_MERCY_CORPS,1
TAX_RELIGION_CONFUCIAN,1
WB_281_ICT_INDUSTRY_AND_SERVICES,1
TAX_FNCACT_GATEKEEPER,1
ECON_DEVELOPMENTORGS_GATES_FOUNDATION,1
TAX_POLITICAL_PARTY_REPUBLICAN_PARTY,1
WB_1421_INFLUENZA,1
TAX_AIDGROUPS_SAVE_THE_CHILDREN,1
TAX_WORLDFISH_SEA_BASS,1
TAX_FNCACT_AIDEDE_CAMP,1
TAX_FNCACT_OARSMAN,1
TAX_FNCACT_USHERS,1
TAX_WORLDMAMMALS_CHIPMUNK,1
WB_1083_INFRASTRUCTURE_AND_GROWTH,1
WB_2847_INDUSTRIAL_POLICIES,1
TAX_DISEASE_ALLERGIC,1
TAX_WORLDLANGUAGES_JINJA,1
TAX_FNCACT_CHAUFFEUR,1
WB_594_WETLANDS,1
TAX_FNCACT_PUBLIC_SERVANTS,1
WB_2849_JOBS_IN_AGRICULTURE,1
NATURAL_DISASTER_FOREST_FIRES,1
HUMAN_RIGHTS_ABUSES_FORCED_MARRIAGE,1
TAX_FNCACT_MASONS,1
WB_1792_ENVIRONMENTAL_HEALTH,1
TAX_FNCACT_CARETAKERS,1
TAX_WORLDARACHNIDS_SCORPION,1
TAX_WORLDMAMMALS_WEASEL,1
WB_2848_THEMATIC_AND_SECTORAL_PRIORTIZATION,1
NATURAL_DISASTER_MONSOON_RAIN,1
TAX_FNCACT_BEAUTICIANS,1
TAX_FNCACT_DRAUGHTSMAN,1
TAX_FNCACT_KITCHEN_STAFF,1
UNGP_PHONE_INTERNET_ACCESS_SLOW,1
WB_2728_FEMALE_WORKERS,1
MANMADE_DISASTER_POWER_FAILURE,1
TAX_FNCACT_FOOD_VENDOR,1
TAX_WORLDARACHNIDS_TICKS,1
WB_2107_PRICE_CONTROLS,1
WB_1747_PRODUCT_MARKET_REGULATION_AND_COMPETITION_ADVOCACY,1
TAX_FNCACT_NUN,1
TAX_WORLDLANGUAGES_WANDA,1
TAX_FNCACT_PROGRAM_DIRECTOR,1
TAX_RELIGION_TIBETAN_BUDDHISM,1
TAX_FNCACT_SHARECROPPERS,1
TAX_ETHNICITY_MAYANS,1
TAX_RELIGION_SCIENTOLOGY,1
WB_2658_MANDATORY_RETIREMENT_AGE,1
TAX_DISEASE_CARDIOVASCULAR_DISEASES,1
TAX_FNCACT_PROPRIETOR,1
WB_674_SHARED_INFRASTRUCTURE,1
TAX_RELIGION_ETHIOPIAN_ORTHODOX,1
WB_144_URBAN_WATER,1
TAX_ETHNICITY_AYMARA,1
ENV_NUCLEARPOWER,1
TAX_ETHNICITY_SCANDINAVIAN,1
TAX_FNCACT_MESSENGERS,1
WB_726_ADMINISTRATIVE_DECENTRALIZATION,1
TAX_FNCACT_SPORTSCASTER,1
TAX_FNCACT_DOORMAN,1
WB_676_CLOUD_COMPUTING,1
TAX_FNCACT_TROOPERS,1
TAX_ETHNICITY_GERMANS,1
TAX_WORLDLANGUAGES_GERMANS,1
TAX_FNCACT_FULL_GENERAL,1
TAX_ETHNICITY_SIKHS,1
TAX_RELIGION_SIKHS,1
TAX_RELIGION_SYNAGOGUE,1
WB_1252_MOBILE_BANKING,1
WB_371_BRANCHLESS_BANKING,1
TAX_ETHNICITY_HAUSA,1
TAX_WORLDLANGUAGES_AYMARA,1
TAX_FNCACT_CANNON_FODDER,1
NATURAL_DISASTER_FRIGID,1
WB_804_URBAN_POLLUTION,1
WB_597_ECOSYSTEM_SERVICES,1
TAX_DISEASE_TYPHUS,1
TAX_ETHNICITY_PANGASINAN,1
TAX_WORLDLANGUAGES_PANGASINAN,1
ENV_CARBONCAPTURE,1
WB_1851_BIOCARBON,1
WB_1757_REDUCED_EMISSIONS_FROM_DEFORESTATION_AND_DEGRADATION,1
WB_1838_CLIMATE_RISK_SCREENING,1
WB_572_CLIMATE_RESILIENT_DEVELOPMENT,1
TAX_DISEASE_SCRUB_TYPHUS,1
TAX_FNCACT_PERSONA_NON_GRATA,1
TAX_WORLDLANGUAGES_HAUSA,1
TAX_FNCACT_CLERICS,1
TAX_FNCACT_FOOTBALLER,1
TAX_WORLDMAMMALS_DOLPHIN,1
TAX_WORLDFISH_SNAPPER,1
WB_1098_MONETARY_AND_FINANCIAL_STABILITY,1
WB_1096_MACROECONOMIC_SUSTAINABILITY,1
MIL_MERCENARIES,1
TAX_WORLDBIRDS_RIFLEMAN,1
TAX_DISEASE_FOREARM_INJURIES,1
TAX_FNCACT_INTERROGATOR,1
TAX_WORLDLANGUAGES_INTHA,1
TAX_WORLDLANGUAGES_SIYIN,1
TAX_WORLDFISH_SEA_BREAM,1
WB_1397_HEALTH_FACILITY_MANAGEMENT,1
TAX_WORLDFISH_BREAM,1
TAX_WORLDFISH_YELLOWTAIL,1
WB_2147_EDUCATION_RESEARCH_AND_DEVELOPMENT,1
TAX_WORLDLANGUAGES_TUNISIAN,1
TAX_FOODSTAPLES_OLIVE_OIL,1
TAX_FNCACT_MAJORDOMO,1
WB_1400_HEALTH_REFERRAL_SYSTEMS,1
TAX_FNCACT_SCULPTOR,1
TAX_FNCACT_ARTISAN,1
TAX_WORLDLANGUAGES_KACHINS,1
TAX_ETHNICITY_KACHINS,1
TAX_FNCACT_CHEMIST,1
TAX_DISEASE_HYPERSENSITIVITY,1
TAX_FNCACT_CIO,1
WB_2447_MERCENARIES,1
WB_1546_GLOBAL_PARTNERSHIP_FOR_EDUCATION,1
HUMAN_RIGHTS_ABUSES_CONCENTRATION_CAMP,1
TAX_FNCACT_NOBLEMAN,1
TAX_FNCACT_CONGRESSMEN,1
TAX_FNCACT_LABOURER,1
WB_2126_RELIGIOUS_EDUCATION,1
TAX_RELIGION_ADVENTISTS,1
TAX_FNCACT_FRIAR,1
TAX_POLITICAL_PARTY_LABOUR_PARTY,1
TAX_FNCACT_MILITARY_CHAPLAIN,1
HUMAN_RIGHTS_ABUSES_GULAG,1
TAX_POLITICAL_PARTY_ALL_INDIA_FORWARD_BLOC,1
TAX_RELIGION_ORTHODOXY,1
UNREST_ACQUIRE_WEAPONS,1
TAX_WORLDLANGUAGES_BASAR,1
TAX_FNCACT_PARATROOPERS,1
TAX_FNCACT_AGRICULTURAL_LABOURERS,1
TAX_WORLDLANGUAGES_GUJARATIS,1
TAX_ETHNICITY_GUJARATIS,1
WB_2733_UNSKILLED_WORKERS,1
NATURAL_DISASTER_FOREST_FIRE,1
TAX_FNCACT_NAVIGATORS,1
TAX_FNCACT_ELECTRICIAN,1
TAX_FNCACT_FACILITATOR,1
WB_1533_TEACHER_DEPLOYMENT_AND_RECRUITMENT,1
TAX_FNCACT_PRACTITIONER,1
WB_1616_SUPPLEMENTARY,1
TAX_FNCACT_BIOCHEMIST,1
TAX_DISEASE_SPONDYLITIS,1
WB_1535_DISTANCE_EDUCATION,1
UNREST_SELF_IDENTIFIED_HATE_CRIME,1
TAX_WORLDLANGUAGES_ESTONIAN,1
WB_668_BUSINESS_CONTINUITY,1
WB_375_FINANCIAL_RISK_MANAGEMENT,1
WB_2686_SKILLS_GAP,1
WB_2683_CHANGING_NATURE_OF_JOBS,1
WB_2671_JOBS_AND_DEVELOPMENT,1
TAX_ETHNICITY_ESTONIAN,1
TAX_FNCACT_EXAMINER,1
WB_2756_LABOR_PRODUCTIVITY,1
WB_312_INTERNATIONAL_FINANCIAL_STANDARDS,1
TAX_FNCACT_EXECUTIVE_DIRECTORS,1
SOC_SUSPICIOUSACTIVITIES,1
WB_2071_COMMON_LAW,1
WB_1893_TAX_LAW,1
TAX_WORLDLANGUAGES_KUKI_CHIN,1
TAX_FNCACT_BACHELORS,1
ECON_WORLDCURRENCIES_UNITED_STATES_DOLLARS,1
WB_1653_TRAINING_SERVICES,1
HUMAN_RIGHTS_ABUSES_FORCED_MARRIAGES,1
WB_2459_ILLICIT_FINANCIAL_FLOWS,1
WB_2073_ILLICIT_FINANCIAL_FLOWS,1
TAX_WORLDLANGUAGES_KHUMI,1
SOC_AIDASSISTANCE,1
TAX_FNCACT_CRIMINAL_LAWYER,1
WB_2390_TELEVISION_BROADCASTING,1
WB_1665_CASH_FOR_WORK,1
TAX_WORLDLANGUAGES_KARAYA,1
TAX_DISEASE_BRAIN_TUMOUR,1
TAX_WORLDLANGUAGES_MANDI,1
TAX_WORLDMAMMALS_ELK,1
SELF_IDENTIFIED_ENVIRON_DISASTER,1
TAX_WORLDLANGUAGES_TAANG_PALAUNG,1
TAX_WORLDLANGUAGES_PANANG,1
TAX_FNCACT_PRESS_SECRETARY,1
TAX_FNCACT_SURVEYOR,1
TAX_FNCACT_VIGILANTE,1
WB_1672_WORKING_HOURS,1
WB_865_TRADE_CORRIDORS,1
WB_1307_PRIMARY_CARE,1
TAX_AIDGROUPS_SIGHTSAVERS,1
WB_1661_EMPLOYMENT_INCENTIVES,1
TAX_DISEASE_PROSTATE_CANCER,1
SOC_INDSERVITUDE,1
TAX_TERROR_GROUP_PEOPLE_LIBERATION_FRONT,1
TAX_FNCACT_FUNERAL_DIRECTORS,1
TAX_FNCACT_GROCER,1
TAX_FNCACT_CLOWN,1
TAX_FNCACT_PROFESSORS,1
TAX_FNCACT_PHYSICIANS,1
TAX_WORLDLANGUAGES_JINGPO,1
TAX_WORLDLANGUAGES_KATH,1
TAX_WORLDLANGUAGES_DEHONG_DAI,1
TAX_WORLDLANGUAGES_SUNGEI,1
TAX_FNCACT_SOLICITOR,1
TAX_ETHNICITY_HINDUSTANI,1
ECON_WORLDCURRENCIES_BANGLADESHI_TAKA,1
TAX_FNCACT_MISTRESS,1
TAX_TERROR_GROUP_ALL_BURMA_STUDENTS_DEMOCRATIC_FRONT,1
WB_1956_ZOONOTIC_DISEASE,1
TAX_FNCACT_CAREGIVERS,1
TAX_FNCACT_HOUSEKEEPER,1
TAX_WORLDLANGUAGES_TAMARA,1
EPU_POLICY_FEDERAL_RESERVE,1
TAX_FNCACT_MIXOLOGIST,1
TAX_WORLDBIRDS_GOOSE,1
TAX_FNCACT_MIXOLOGISTS,1
TAX_FNCACT_BARMAN,1
TAX_AIDGROUPS_INTERNATIONAL_RED_CROSS,1
WB_784_TRAFFIC_AND_ROAD_SAFETY,1
TAX_ETHNICITY_KASHMIRIS,1
TAX_WORLDLANGUAGES_KASHMIRIS,1
TAX_ETHNICITY_KAZAKHS,1
TAX_WORLDLANGUAGES_KAZAKHS,1
WB_1423_NEGLECTED_TROPICAL_DISEASES,1
TAX_WORLDLANGUAGES_TUVALU,1
TAX_ETHNICITY_LAHU,1
WB_353_PAYMENT_SYSTEMS,1
WB_351_PAYMENT_AND_MARKET_INFRASTRUCTURE,1
TAX_ECON_FREETRADEAGREEMENTS_GULF_COOPERATION_COUNCIL,1
TAX_FNCACT_HEADMAN,1
WB_1808_TRANSPORT_SAFETY,1
WB_790_TRANSPORT_AND_SUSTAINABLE_DEVELOPMENT,1
TAX_WORLDLANGUAGES_HINDUSTANI,1
TAX_FNCACT_THIEF,1
WB_758_ORPHANS,1
DISCRIMINATION_LGBT_HOMOPHOBIA,1
TAX_FNCACT_BEGGAR,1
DISCRIMINATION_IMMIGRATION_ULTRANATIONALISTS,1
TAX_DISEASE_BLINDNESS,1
TAX_DISEASE_ANEMIA,1
SOC_POINTSOFINTEREST_DISPLACED_PERSONS_CAMPS,1
TAX_DISEASE_INTELLECTUAL_DISABILITY,1
HUMAN_RIGHTS_ABUSES_HUMAN_RIGHTS_ABUSE,1
TAX_FNCACT_MINER,1
NATURAL_DISASTER_MUDSLIDES,1
TAX_FNCACT_UNIONIST,1
WB_1429_ROAD_SAFETY,1
WB_2811_COLLECTIVE_BARGAINING,1
TAX_WORLDLANGUAGES_NORWEGIAN,1
TAX_WORLDBIRDS_MERLIN,1
TAX_WORLDMAMMALS_TAKIN,1
TAX_DISEASE_INSECT_BITES,1
ECON_WORLDCURRENCIES_CHINESE_YUAN,1
TAX_FNCACT_AIRMAN,1
ECON_WORLDCURRENCIES_INDIAN_RUPEES,1
TAX_FNCACT_MOUNTAINEER,1
TAX_WORLDLANGUAGES_SINGA,1
TAX_FNCACT_GOVERNMENT_AGENT,1
WB_2986_AGRIBUSINESS_MANAGEMENT,1
WB_1230_TOURISM_VALUE_CHAIN,1
TAX_POLITICAL_PARTY_PAKISTAN_TEHREEKE_INSAF,1
WB_1043_EMPLOYMENT_REGIMES,1
SLFID_PEACE_BUILDING,1
TAX_WORLDMAMMALS_WHITE_RHINOCEROS,1
TAX_WORLDMAMMALS_BINTURONG,1
TAX_WORLDREPTILES_TORTOISE,1
TAX_WORLDMAMMALS_HOOLOCK_GIBBON,1
TAX_WORLDMAMMALS_RED_MUNTJAC,1
TAX_WORLDMAMMALS_ELD_DEER,1
WB_2823_ON_THE_JOB_TRAINING,1
WB_2824_INTERNSHIP,1
WB_2409_COCREATION,1
WB_854_CIVIL_SERVICE_LAW,1
TAX_POLITICAL_PARTY_NATIONAL_PROGRESSIVE_PARTY,1
TAX_WORLDLANGUAGES_VANGA,1
TAX_TERROR_GROUP_KARENNI_NATIONAL_PROGRESSIVE_PARTY,1
TAX_FNCACT_RUNNER,1
WB_2925_ADULT_EDUCATION,1
EPU_POLICY_FISCAL_POLICY,1
TAX_ETHNICITY_QIANG,1
TAX_AIDGROUPS_SOUTHERN_AFRICAN_DEVELOPMENT_COMMUNITY,1
TAX_FNCACT_PORTER,1
WB_1084_TECHNOLOGY_TRANSFER_AND_DIFFUSION,1
TAX_WORLDLANGUAGES_LANGI,1
TAX_RELIGION_CHRISTIANITY,1
TAX_RELIGION_MOSLEM,1
TAX_WORLDFISH_LAKE_TROUT,1
TAX_WORLDLANGUAGES_QUAPAW,1
TAX_ETHNICITY_DIME,1
TAX_DISEASE_HIV_INFECTIONS,1
WB_924_VOICE_AND_AGENCY,1
WB_926_POLITICAL_PARTICIPATION,1
TAX_TERROR_GROUP_BOKO_HARAM,1
TAX_TERROR_GROUP_ISLAMIC_STATE,1
TAX_WORLDLANGUAGES_SOMALI,1
TAX_ETHNICITY_SOMALI,1
TAX_FNCACT_LANDED_GENTRY,1
TAX_FNCACT_AUTOCRAT,1
TAX_DISEASE_SCABIES,1
TAX_WORLDLANGUAGES_ZOTUNG,1
TAX_WORLDLANGUAGES_SENTHANG,1
TAX_WORLDMAMMALS_SKUNK,1
TAX_WORLDFISH_NORTHERN_PIKE,1
TAX_WORLDFISH_SOCKEYE_SALMON,1
TAX_WORLDMAMMALS_SHEEP,1
TAX_WORLDMAMMALS_FOXES,1
TAX_RELIGION_HINDUISM,1
TAX_WORLDMAMMALS_DALL_SHEEP,1
SOC_DIPLOMCOOP,1
TAX_WORLDFISH_WHITEFISH,1
TAX_WORLDFISH_ARCTIC_CHAR,1
TAX_WORLDMAMMALS_REINDEER,1
TAX_WORLDFISH_WALLEYE,1
TAX_WORLDLANGUAGES_SEMINOLE,1
TAX_FNCACT_RIGHTHAND_MAN,1
NATURAL_DISASTER_DROUGHTS,1
TAX_FNCACT_CRAFTSMEN,1
TAX_TERROR_GROUP_REVOLUTIONARY_ARMED_FORCES_OF_COLOMBIA,1
TAX_TERROR_GROUP_REVOLUTIONARY_ARMED_FORCES,1
TAX_DISEASE_HEMATOMA,1
TAX_FNCACT_VETS,1
TAX_DISEASE_ABNORMALITIES,1
TAX_POLITICAL_PARTY_NATIONAL_UNITY_PARTY,1
MANMADE_DISASTER_RESTORE_POWER,1
WB_180_FOOD_SAFETY,1
TAX_FNCACT_TROUBLESHOOTER,1
TAX_WORLDLANGUAGES_LAO_PHUAN,1
TAX_WORLDLANGUAGES_PHUAN,1
WB_178_PEST_MANAGEMENT,1
TAX_DISEASE_BREAST_CANCER,1
WB_2455_CRIME_NETWORKS,1
TAX_ETHNICITY_HOUTHIS,1
TAX_WORLDLANGUAGES_SHIKI,1
WB_510_POWER_TRANSMISSION,1
TAX_ETHNICITY_NATIVE_AMERICANS,1
TAX_WORLDLANGUAGES_MERITUS,1
SOC_JUDICIALCOOP,1
TAX_FNCACT_BUREAUCRAT,1
TAX_FNCACT_CIVIL_SERVANT,1
WB_341_INVESTMENT_FUNDS,1
WB_345_SOVEREIGN_WEALTH_FUNDS,1
TAX_FNCACT_UNDERSECRETARY,1
TAX_DISEASE_COLORECTAL_CANCER,1
TAX_FNCACT_WARRANT_OFFICER,1
TAX_FNCACT_RADIOLOGIST,1
TAX_FNCACT_CARPENTER,1
TAX_FNCACT_MAJOR_GENERALS,1
WB_2186_SOCIAL_HOUSING,1
TAX_WORLDFISH_BONITO,1
TAX_WORLDMAMMALS_WALRUS,1
TAX_WORLDMAMMALS_PORPOISE,1
TAX_WORLDMAMMALS_MOUSE,1
NATURAL_DISASTER_MONSOON_RAINS,1
TAX_FNCACT_SALESMAN,1
TAX_ETHNICITY_ARI,1
TAX_FNCACT_SHOEMAKER,1
TAX_FNCACT_APPOINTEES,1
TAX_ETHNICITY_DALIT,1
TAX_WORLDLANGUAGES_SHERPA,1
TAX_DISEASE_NEURODEGENERATIVE_DISEASES,1
NATURAL_DISASTER_TEMBLORS,1
TAX_DISEASE_SHORTSIGHTEDNESS,1
WB_1119_REVENUE_SHARING,1
TAX_MILITARY_TITLE_CHIEF_COMMISSIONER,1
TAX_FNCACT_CHIEF_COMMISSIONER,1
HUMAN_RIGHTS_ABUSES_FORCED_DISAPPEARANCES,1
TAX_FNCACT_INTERIOR_MINISTER,1
TAX_DISEASE_SMALLPOX,1
TAX_FNCACT_FILM_DIRECTOR,1
DISCRIMINATION_IMMIGRATION_XENOPHOBIA,1
TAX_AIDGROUPS_INTERNATIONAL_ORGANISATION_FOR_MIGRATION,1
TAX_ETHNICITY_ARMENIANS,1
TAX_WORLDLANGUAGES_PALAWAN,1
TAX_DISEASE_FLUSHING,1
NATURAL_DISASTER_HIGH_WINDS,1
NATURAL_DISASTER_TROPICAL_STORMS,1
MANMADE_DISASTER_ENGINE_FAILURE,1
TAX_FNCACT_PSYCHOLOGIST,1
TAX_FNCACT_SERVICEMEN,1
SLFID_MILITARY_BUILDUP,1
TAX_FNCACT_NATIONAL_LEADERS,1
TAX_FNCACT_THERAPIST,1
TAX_WORLDBIRDS_MOCKINGBIRD,1
TAX_FNCACT_SOUND_ENGINEER,1
TAX_WORLDLANGUAGES_ANDHRA,1
TAX_WORLDLANGUAGES_ARMENIANS,1
WB_2291_OIL_AND_GAS_DISTRIBUTION,1
WB_551_GAS_TRANSPORTATION_STORAGE_AND_DISTRIBUTION,1
TAX_WORLDLANGUAGES_RUMANIAN,1
WB_545_NATIONAL_OIL_COMPANIES,1
WB_540_GOVERNANCE_FOR_OIL_AND_GAS,1
WB_559_MINING_LAWS_AND_REGULATIONS,1
WB_2324_MINING_LICENSING_AND_REGISTRATION,1
WB_2323_MINING_REGULATION,1
TAX_TERROR_GROUP_ANSARULLAH_BANGLA_TEAM,1
TAX_ETHNICITY_ROMANIAN,1
TAX_WORLDLANGUAGES_ROMANIAN,1
WB_946_JUDICIAL_EDUCATION_AND_TRAINING,1
WB_945_JUDICIAL_INDEPENDENCE,1
TAX_WORLDMAMMALS_CHEETAH,1
TAX_ETHNICITY_PACIFIC_ISLANDER,1
TAX_WORLDLANGUAGES_URIANKHAI,1
TAX_FNCACT_COWBOYS,1
TAX_WORLDLANGUAGES_SHATT,1
TAX_ETHNICITY_ASHKENAZI,1
TAX_RELIGION_ASHKENAZI_JEWS,1
TAX_ETHNICITY_ASHKENAZI_JEWS,1
TAX_ETHNICITY_SUDANESE,1
TAX_ETHNICITY_ROMANIANS,1
TAX_WORLDLANGUAGES_ROMANIANS,1
TAX_ETHNICITY_ERITREAN,1
TAX_ETHNICITY_PALESTINIANS,1
TAX_FNCACT_RESEARCH_DIRECTOR,1
NATURAL_DISASTER_AVALANCHE,1
TAX_DISEASE_INFECTIOUS_DISEASE,1
TAX_DISEASE_CORONAVIRUS,1
TAX_WORLDBIRDS_DUCKS,1
WB_2992_FRESHWATER_FISHERIES,1
TAX_ETHNICITY_DALITS,1
TAX_WORLDLANGUAGES_MALAYALI,1
TAX_WORLDREPTILES_SEA_TURTLES,1
WB_1049_INLAND_AQUACULTURE,1
TAX_WORLDFISH_RIBBONFISH,1
TAX_ETHNICITY_BLACK_AFRICAN,1
WB_481_SECONDARY_EDUCATION,1
TAX_MILITARY_TITLE_WARRANT_OFFICER,1
TAX_POLITICAL_PARTY_MOVEMENT_FOR_DEMOCRACY,1
TAX_WORLDFISH_PERCH,1
WB_1963_RESPONSIBLE_AGRICULTURAL_INVESTMENT,1
TAX_TERROR_GROUP_CAMBODIAN_PEOPLE_PARTY,1
TAX_POLITICAL_PARTY_CAMBODIAN_PEOPLE_PARTY,1
RAIL_INCIDENT,1
MANMADE_DISASTER_DERAILED,1
TAX_WEAPONS_MOLOTOV_COCKTAIL,1
UNREST_MOLOTOVCOCKTAIL,1
TAX_FNCACT_PLAYER,1
NATURAL_DISASTER_WATER_LEVEL,1
TAX_RELIGION_SERBIAN_ORTHODOX_CHRISTIAN,1
TAX_WORLDLANGUAGES_BURAK,1
NATURAL_DISASTER_WINTER_STORM,1
TAX_FNCACT_CARPENTERS,1
TAX_ETHNICITY_CATALAN,1
TAX_FNCACT_ANTHROPOLOGIST,1
TAX_WORLDFISH_DAB,1
TAX_RELIGION_SERBIAN_ORTHODOX,1
TAX_DISEASE_CLAVICLE,1
WB_1600_EMERGENCY_BENEFITS,1
WB_1601_REFUGEE_SUPPORT,1
TAX_WORLDLANGUAGES_MANDARINS,1
TAX_RELIGION_DAOIST,1
TAX_WORLDLANGUAGES_KIONG,1
TAX_FNCACT_HOUSEMAIDS,1
TAX_WORLDLANGUAGES_MARINO,1
NATURAL_DISASTER_TIDAL_WAVES,1
TAX_FNCACT_LIEUTENANTS,1
TAX_FNCACT_PIANIST,1
TAX_WORLDLANGUAGES_KABYLE,1
TAX_ETHNICITY_EDO,1
TAX_FNCACT_CORONER,1
TAX_DISEASE_BACTERIAL,1
TAX_WORLDLANGUAGES_KWONG,1
NATURAL_DISASTER_FREEZING_TEMPERATURES,1
TAX_DISEASE_LUNG_DISEASES,1
TAX_DISEASE_CHRONIC_BRONCHITIS,1
WB_821_DISASTER_RISK_REDUCTION,1
TAX_WORLDARACHNIDS_SCORPIONS,1
TAX_ETHNICITY_TEUTONIC,1
TAX_FNCACT_GOVERNMENT_MINISTER,1
TAX_DISEASE_MENOPAUSE,1
TAX_FNCACT_PARTY_MEN,1
NATURAL_DISASTER_HEAT_WAVE,1
TAX_FNCACT_OFFICEBEARERS,1
TAX_WORLDLANGUAGES_FINNISH,1
TAX_FNCACT_OFFICEBEARER,1
TAX_MILITARY_TITLE_2ND_LIEUTENANT,1
TAX_FNCACT_2ND_LIEUTENANT,1
TAX_FNCACT_PARAMILITARY_FORCES,1
TAX_TERROR_GROUP_REVOLUTIONARY_PEOPLE_FRONT,1
TAX_DISEASE_HUMAN_METAPNEUMOVIRUS,1
TAX_FNCACT_CHAIRMAN_OF_THE_BOARD,1
TAX_DISEASE_DIABETES,1
TAX_CHRONICDISEASE_DIABETES,1
WB_1433_DIABETES,1
TAX_FNCACT_ADJUTANT,1
HUMAN_RIGHTS_ABUSES_FORCED_MIGRATIONS,1
TAX_FNCACT_ENGRAVERS,1
WB_2898_EXTRACTIVE_INDUSTRIES,1
TAX_DISEASE_OPPORTUNISTIC_INFECTIONS,1
TAX_WEAPONS_UNEXPLODED_ORDINANCE,1
TAX_DISEASE_HIV_AIDS,1
TAX_RELIGION_SHAKERS,1
TAX_FNCACT_PADRES,1
TECH_VIRTUALREALITY,1
TAX_FNCACT_QUARTERMASTER,1
TAX_FNCACT_BRIGADIER_GENERALS,1
TAX_FNCACT_CHIEF_FINANCIAL_OFFICER,1
TAX_WORLDARACHNIDS_TICK,1
TAX_FNCACT_LIEUTENANT_COLONELS,1
TAX_ETHNICITY_LATINOS,1
TAX_POLITICAL_PARTY_NATIONAL_DEMOCRATIC_PARTY,1
WB_930_VIOLENCE_PREVENTION,1
TAX_FNCACT_SCHOOL_PRINCIPAL,1
TAX_WORLDFISH_GRUNT,1
TAX_WORLDLANGUAGES_BAVARIAN,1
TAX_WORLDREPTILES_LIZARD,1
WB_2389_RADIO_BROADCASTING,1
TAX_FNCACT_IRONMONGER,1
TAX_FNCACT_COLONELS,1
TAX_WORLDLANGUAGES_RENNELL,1
TAX_FNCACT_CONFESSORS,1
TAX_ETHNICITY_PERUVIAN,1
TAX_FNCACT_WEAVER,1
WB_2657_EMERGENCY_PREPAREDNESS,1
TAX_FNCACT_STAFFER,1
TAX_WORLDBIRDS_TUI,1
TAX_FNCACT_SCRIBES,1
TAX_FNCACT_FREELANCERS,1
TAX_FNCACT_AGGRESSOR,1
MANMADE_DISASTER_WITHOUT_POWER,1
TAX_WORLDLANGUAGES_TOKUNOSHIMA,1
ECON_EARNINGSREPORT,1
TAX_DISEASE_EXSANGUINATION,1
WB_693_POSTAL_SERVICES,1
TAX_DISEASE_DEFICIENCY,1
TAX_FNCACT_CONDUCTOR,1
TAX_FNCACT_ECONOMISTS,1
TAX_FNCACT_SETTLER,1
TAX_ETHNICITY_AZERBAIJANI,1
TAX_WORLDLANGUAGES_AZERBAIJANI,1
TAX_WORLDLANGUAGES_PINYIN,1
TAX_ETHNICITY_GUATEMALAN,1
TAX_FNCACT_CORPORAL,1
TAX_WORLDLANGUAGES_MAKASSAR,1
TAX_ETHNICITY_TALISH,1
TAX_WORLDLANGUAGES_TALISH,1
TAX_FNCACT_VETERAN_SOLDIER,1
